fk_x_invoice_hub_id,created_at,fk_x_currency_ref_cd,due_amt,total_amt,subtotal_amt,fee_amt,paid_ind,closed_ind,forgiven_ind,attempt_cnt,x_receipt_id,next_attempt_at,period_start_at,period_end_at,description,fk_s_change_context_id,row_hash,fk_x_invoice_hub_id_raw
11E71376FB0CD3EAA211020AF2129A61,"2017-03-27 22:25:39.725",USD,0,0,0,0,1,1,0,0,NULL,NULL,"2015-05-18 17:11:51","2015-05-18 17:11:51",NULL,11E71376FB0E2E7ABCDA06616AC582AF,A49E6F9581DEF025C1DD1936634E6C8F,...
11E71376FC66983FA211020AF2129A61,"2017-03-27 22:25:42.024",USD,1900,1900,1900,0,1,1,0,1,2721-0097,NULL,"2015-05-18 17:11:51","2015-05-25 17:11:51",NULL,11E71376FC6D12A2BCDA06616AC582AF,7071FAD7F248D2A750D117B082F5883E,...
11E7137708C4F212A211020AF2129A61,"2017-03-27 22:26:02.794",USD,1900,1900,1900,0,1,1,0,1,2754-5900,NULL,"2015-05-25 17:11:51","2015-06-25 17:11:51",NULL,11E7137708CE4232BCDA06616AC582AF,1F0AD5AB5BB33E476972AAD07EA0858E,...
11E713772C1B4536A211020AF2129A61,"2017-03-27 22:27:02.128",USD,1900,1900,1900,0,1,1,0,1,2037-9859,NULL,"2015-06-25 17:11:51","2015-07-25 17:11:51",NULL,11E713772C2C054CBCDA06616AC582AF,2C5A9220642E15B7C45358790F73B488,...
11E71377897E6F33A211020AF2129A61,"2017-03-27 22:29:38.948",USD,1900,1900,1900,0,1,1,0,1,2219-0490,NULL,"2015-07-25 17:11:51","2015-08-25 17:11:51",NULL,11E7137789A4F304BCDA06616AC582AF,4F6585881D3997FC749A8EB61ABB42AE,...
11E71377B0EF7AEAA211020AF2129A61,"2017-03-27 22:30:44.935",USD,1900,1900,1900,0,1,1,0,1,2023-7264,NULL,"2015-08-25 17:11:51","2015-09-25 17:11:51",NULL,11E71377B0F9A8E4BCDA06616AC582AF,4E7BFF75F2375CA0EB25EACCD4B2E2A5,...
11E71377C12591ADA211020AF2129A61,"2017-03-27 22:31:12.128",USD,3976,3976,3976,0,1,1,0,1,2732-4370,NULL,NULL,NULL,NULL,11E71377C12F2F97BCDA06616AC582AF,98C8F9FD617FDE1CB4E62E09A11A7D1F,...
11E71377C2673913A211020AF2129A61,"2017-03-27 22:31:14.288",USD,10553,10553,10553,0,1,1,0,1,2456-9823,NULL,NULL,NULL,NULL,11E71377C278BC2CBCDA06616AC582AF,26751B03105404C442762C89EB38DD59,...
11E71377C430FCD7A211020AF2129A61,"2017-03-27 22:31:17.506",USD,10641,10641,10641,0,1,1,0,1,2089-4299,NULL,NULL,NULL,NULL,11E71377C463E321BCDA06616AC582AF,DE0FBC6A669DCD15931D87BC9F7B9D71,...
11E71377C733B4DAA211020AF2129A61,"2017-03-27 22:31:22.671",USD,11611,11611,11611,0,1,1,0,1,2607-5095,NULL,NULL,NULL,NULL,11E71377C777FD89BCDA06616AC582AF,CC4DADC1C66040CAEE9E9FF15249344D,...
11E71377C8EE842DA211020AF2129A61,"2017-03-27 22:31:25.215",USD,2926,2926,2926,0,1,1,0,1,2360-2666,NULL,NULL,NULL,NULL,11E71377C8FC2112BCDA06616AC582AF,30F48ABC3C56704FD9C074322715E23F,...
11E71377C9F03D02A211020AF2129A61,"2017-03-27 22:31:26.860",USD,2054,2054,2054,0,1,1,0,1,2911-3355,NULL,NULL,NULL,NULL,11E71377C9F72059BCDA06616AC582AF,AE805A1D3D1440789DBC0A0D7108BD16,...
11E71377CB77A045A211020AF2129A61,"2017-03-27 22:31:29.609",USD,12682,12682,12682,0,1,1,0,1,2920-6463,NULL,NULL,NULL,NULL,11E71377CB9AAD72BCDA06616AC582AF,BA68BC70B618BEE244B2A3D729C09405,...
11E71377CD9FD7E4A211020AF2129A61,"2017-03-27 22:31:33.407",USD,13041,13041,13041,0,1,1,0,1,2677-0466,NULL,NULL,NULL,NULL,11E71377CDDE0BF5BCDA06616AC582AF,23D2B94C6617D805636B52420926D018,...
11E71377D099B642A211020AF2129A61,"2017-03-27 22:31:38.270",USD,8355,8355,8355,0,1,1,0,1,2576-8355,NULL,NULL,NULL,NULL,11E71377D0C42AFCBCDA06616AC582AF,884553D388C2A3A22EB3D25CFB5BD1ED,...
11E71377D2900835A211020AF2129A61,"2017-03-27 22:31:41.563",USD,7098,7098,7098,0,1,1,0,1,2658-2754,NULL,NULL,NULL,NULL,11E71377D2BAAB6FBCDA06616AC582AF,CF7441A2CAE7D77345D4C1636523DACC,...
11E71377D4E73E5FA211020AF2129A61,"2017-03-27 22:31:45.501",USD,7336,7336,7336,0,1,1,0,1,2154-4606,NULL,NULL,NULL,NULL,11E71377D5138203BCDA06616AC582AF,01D049E71EDC43DA2A3A7D21222CE797,...
11E71377D688BA4AA211020AF2129A61,"2017-03-27 22:31:48.026",USD,1565,1565,1565,0,1,1,0,1,2848-3449,NULL,NULL,NULL,NULL,11E71377D694E4FABCDA06616AC582AF,5F24376BFE4EAABA3E01D786CEA108F6,...
11E71377D7B2E1D9A211020AF2129A61,"2017-03-27 22:31:50.142",USD,7061,7061,7061,0,1,1,0,1,2207-8943,NULL,NULL,NULL,NULL,11E71377D7D79F17BCDA06616AC582AF,356EF3390813F4FE3CDEF693632706CF,...
11E71377D9FF4360A211020AF2129A61,"2017-03-27 22:31:54.022",USD,10578,10578,10578,0,1,1,0,1,2686-8533,NULL,NULL,NULL,NULL,11E71377DA27B9F9BCDA06616AC582AF,CA315E264EDFB450B8AA3B460404D8AC,...
11E71377DC19704DA211020AF2129A61,"2017-03-27 22:31:57.629",USD,11179,11179,11179,0,1,1,0,1,2689-4340,NULL,NULL,NULL,NULL,11E71377DC4E2D90BCDA06616AC582AF,5090841B84EC068B919E670980AE729C,...
11E71377DEE513C3A211020AF2129A61,"2017-03-27 22:32:02.368",USD,15133,15133,15133,0,1,1,0,1,2205-5038,NULL,NULL,NULL,NULL,11E71377DF2132D0BCDA06616AC582AF,82D5C06A0DA8C11E7E2D358FCDD4DBAC,...
11E71377E20258AAA211020AF2129A61,"2017-03-27 22:32:07.522",USD,12813,12813,12813,0,1,1,0,1,2716-4728,NULL,NULL,NULL,NULL,11E71377E233AECFBCDA06616AC582AF,9355A36240508619D68B7DDD3E4CE5B8,...
11E71377E39C8098A211020AF2129A61,"2017-03-27 22:32:13.365",USD,1900,1900,1900,0,1,1,0,1,2980-9233,NULL,"2015-09-25 17:11:51","2015-10-25 17:11:51",NULL,11E71377E5AEE3ABBCDA06616AC582AF,659C5A288A48784B5BE18539AE5A84FD,...
11E71377E4244ED1A211020AF2129A61,"2017-03-27 22:32:11.092",USD,9858,9858,9858,0,1,1,0,1,2526-1841,NULL,NULL,NULL,NULL,11E71377E454643FBCDA06616AC582AF,F21577BDE5C6B4D259EDF7EFE4A7A8FD,...
11E71377E578458AA211020AF2129A61,"2017-03-27 22:32:13.041",USD,830,830,830,0,1,1,0,1,2212-4108,NULL,NULL,NULL,NULL,11E71377E57DDE85BCDA06616AC582AF,D254CA5AC805AD797671BFF37ADE235F,...
11E71377E60D3352A211020AF2129A61,"2017-03-27 22:32:14.404",USD,2730,2730,2730,0,1,1,0,1,2979-3869,NULL,NULL,NULL,NULL,11E71377E64DBC7BBCDA06616AC582AF,205F68395483FAC395CC4118DA8A38F1,...
11E71377E75A9A80A211020AF2129A61,"2017-03-27 22:32:16.403",USD,7910,7910,7910,0,1,1,0,1,2165-1329,NULL,NULL,NULL,NULL,11E71377E77EC83CBCDA06616AC582AF,1547915725A75A80C4853E4E00D0512C,...
11E71377ECCFB331A211020AF2129A61,"2017-03-27 22:32:25.597",USD,7911,7911,7911,0,1,1,0,1,2791-5588,NULL,NULL,NULL,NULL,11E71377ECF9B3DEBCDA06616AC582AF,5ADF10FF2B6E7718F91807BAD869177E,...
11E71377FC00DB69A211020AF2129A61,"2017-03-27 22:32:51.684",USD,34365,34365,34365,0,1,1,0,1,2249-0803,NULL,NULL,NULL,NULL,11E71377FC864616BCDA06616AC582AF,AEB3CC9E3B77723E17E2BABB96947A33,...
11E71378082D28E1A211020AF2129A61,"2017-03-27 22:33:14.283",USD,67352,67352,67352,0,1,1,0,1,2788-6432,NULL,NULL,NULL,NULL,11E7137809FE8BA5BCDA06616AC582AF,26E55D4C82359E85A6B6F0DB4C1B221D,...
11E713780E0C4D70A211020AF2129A61,"2017-03-27 22:33:21.579",USD,28411,28411,28411,0,1,1,0,1,2060-8493,NULL,NULL,NULL,NULL,11E713780E57E96DBCDA06616AC582AF,27660BE33634E43BC33658C5B549153F,...
11E713780F31459FA211020AF2129A61,"2017-03-27 22:33:23.260",USD,11523,11523,11523,0,1,1,0,1,2124-2906,NULL,NULL,NULL,NULL,11E713780F585F58BCDA06616AC582AF,59ABCDDAA62076BA6F26FB77F43A25C7,...
11E7137810193483A211020AF2129A61,"2017-03-27 22:33:24.846",USD,15197,15197,15197,0,1,1,0,1,2106-5699,NULL,NULL,NULL,NULL,11E71378104A581EBCDA06616AC582AF,FD42979DE47447EB7A6E17385B3AF3AA,...
11E71378161CD15CA211020AF2129A61,"2017-03-27 22:33:34.896",USD,9525,9525,9525,0,1,1,0,1,2069-2175,NULL,NULL,NULL,NULL,11E713781647D5BABCDA06616AC582AF,B988B791E0A2072F214C83265B2E42A0,...
11E713781809869DA211020AF2129A61,"2017-03-27 22:33:38.230",USD,19807,19807,19807,0,1,1,0,1,2762-4800,NULL,NULL,NULL,NULL,11E713781844ABDCBCDA06616AC582AF,8BDEFF221ED500AEC96F22B3ADFC74F3,...
11E713781914DC31A211020AF2129A61,"2017-03-27 22:33:39.929",USD,21595,21595,21595,0,1,1,0,1,2101-6085,NULL,NULL,NULL,NULL,11E713781947CE39BCDA06616AC582AF,027DABAF416C2AE4D2BFDEFF9CCE8490,...
11E713781A2E3A94A211020AF2129A61,"2017-03-27 22:33:41.823",USD,19704,19704,19704,0,1,1,0,1,2652-4996,NULL,NULL,NULL,NULL,11E713781A68EF7ABCDA06616AC582AF,9D8E06A376E358BB4F7463462C43B566,...
11E713781B3DAEC6A211020AF2129A61,"2017-03-27 22:33:43.477",USD,11157,11157,11157,0,1,1,0,1,2765-9358,NULL,NULL,NULL,NULL,11E713781B65353DBCDA06616AC582AF,18AC7BC3E86B9BDEF548DF59F496B8C6,...
11E713781BBA594BA211020AF2129A61,"2017-03-27 22:33:44.089",USD,2094,2094,2094,0,1,1,0,1,2087-4140,NULL,NULL,NULL,NULL,11E713781BC29872BCDA06616AC582AF,A146E2C39B20B4CAD92E28ED1B912DE3,...
11E713781C40EE04A211020AF2129A61,"2017-03-27 22:33:45.247",USD,7734,7734,7734,0,1,1,0,1,2178-6825,NULL,NULL,NULL,NULL,11E713781C7362FEBCDA06616AC582AF,8D430FCFBDDA112DF27798094F09FFEC,...
11E713781D3734DDA211020AF2129A61,"2017-03-27 22:33:47.055",USD,6560,6560,6560,0,1,1,0,1,2264-1547,NULL,NULL,NULL,NULL,11E713781D87254DBCDA06616AC582AF,4B06D4B4CB27052D54B45351BE17D921,...
11E713781E52DE0CA211020AF2129A61,"2017-03-27 22:33:48.752",USD,6831,6831,6831,0,1,1,0,1,2604-6437,NULL,NULL,NULL,NULL,11E713781E8A1E41BCDA06616AC582AF,EEB0B329C63F176AAA99685E54C88E8D,...
11E713781F531001A211020AF2129A61,"2017-03-27 22:33:50.434",USD,6007,6007,6007,0,1,1,0,1,2230-6510,NULL,NULL,NULL,NULL,11E713781F8ABC93BCDA06616AC582AF,DEE9F63CE424DFCBD9FE67023D9048B0,...
11E713782018D1BEA211020AF2129A61,"2017-03-27 22:33:51.578",USD,4981,4981,4981,0,1,1,0,1,2476-5242,NULL,NULL,NULL,NULL,11E71378203965A7BCDA06616AC582AF,E30A4F5965B9C68AFF47AB8740059172,...
11E7137820896D47A211020AF2129A61,"2017-03-27 22:33:52.165",USD,2463,2463,2463,0,1,1,0,1,2377-4761,NULL,NULL,NULL,NULL,11E713782092EBACBCDA06616AC582AF,A1DF94C1AE10EA853684F86E8B3A3685,...
11E71378225999A1A211020AF2129A61,"2017-03-27 22:33:55.188",USD,1900,1900,1900,0,1,1,0,1,2586-7518,NULL,"2015-10-25 17:11:51","2015-11-25 16:11:51",NULL,11E71378225FF1FFBCDA06616AC582AF,F64CECFFDEBFDC0FDD03B801A2960D43,...
11E71378245A728EA211020AF2129A61,"2017-03-27 22:33:58.906",USD,26306,26306,26306,0,1,1,0,1,2164-5974,NULL,NULL,NULL,NULL,11E7137824978D06BCDA06616AC582AF,4B5E642D42607DB86DB3249907EC0595,...
11E7137825D21EF7A211020AF2129A61,"2017-03-27 22:34:01.552",USD,29306,29306,29306,0,1,1,0,1,2973-6596,NULL,NULL,NULL,NULL,11E71378262B4A32BCDA06616AC582AF,784FF9940D06BC8F365C8C938546D41E,...
11E7137827C8BEC6A211020AF2129A61,"2017-03-27 22:34:04.747",USD,30613,30613,30613,0,1,1,0,1,2006-7307,NULL,NULL,NULL,NULL,11E713782812BF8CBCDA06616AC582AF,6A16BF8C31E2447B4153C1DAD1C448CB,...
11E7137828B4F37FA211020AF2129A61,"2017-03-27 22:34:05.881",USD,3254,3254,3254,0,1,1,0,1,2734-2828,NULL,NULL,NULL,NULL,11E7137828BFD033BCDA06616AC582AF,312D9DC3283E277BC042ADA115035B61,...
11E713782910CE8EA211020AF2129A61,"2017-03-27 22:34:06.625",USD,9335,9335,9335,0,1,1,0,1,2859-5372,NULL,NULL,NULL,NULL,11E7137829314E9FBCDA06616AC582AF,54BC38843BC8D10C4680D0CFEE4F1DA8,...
11E71378299679CFA211020AF2129A61,"2017-03-27 22:34:07.385",USD,7451,7451,7451,0,1,1,0,1,2141-4882,NULL,NULL,NULL,NULL,11E7137829A5473EBCDA06616AC582AF,BED629C835F1AEC5CD0AD7E9C22F0179,...
11E7137829CC7E3AA211020AF2129A61,"2017-03-27 22:34:07.697",USD,3947,3947,3947,0,1,1,0,1,2886-6197,NULL,NULL,NULL,NULL,11E7137829D4E76ABCDA06616AC582AF,FB1E8BB1C518B386BA32240C7B677C9F,...
11E713782A586A29A211020AF2129A61,"2017-03-27 22:34:08.898",USD,6874,6874,6874,0,1,1,0,1,2419-3990,NULL,NULL,NULL,NULL,11E713782A8C20A5BCDA06616AC582AF,A9A9918AACD74E93BDE62B71DB471361,...
11E713782B7D1438A211020AF2129A61,"2017-03-27 22:34:10.901",USD,14881,14881,14881,0,1,1,0,1,2868-4485,NULL,NULL,NULL,NULL,11E713782BBDD1EBBCDA06616AC582AF,BC9CBEC069BDE808197A6C2DE94B0021,...
11E713782CCDAF5FA211020AF2129A61,"2017-03-27 22:34:13.074",USD,9496,9496,9496,0,1,1,0,1,2117-5672,NULL,NULL,NULL,NULL,11E713782D095877BCDA06616AC582AF,CEE7B8F554E71F3C9ECD35006FF719A2,...
11E713782D77F9CAA211020AF2129A61,"2017-03-27 22:34:13.845",USD,701,701,701,0,1,1,0,1,2676-0108,NULL,NULL,NULL,NULL,11E713782D7F0959BCDA06616AC582AF,441C0063F0CCD3E638F4EA7CF7FA2F56,...
11E713782DC5F211A211020AF2129A61,"2017-03-27 22:34:14.424",USD,3463,3463,3463,0,1,1,0,1,2856-9562,NULL,NULL,NULL,NULL,11E713782DD7428DBCDA06616AC582AF,C8E68946F9C8386DFB56007BA7BF3B82,...
11E713782E29BD72A211020AF2129A61,"2017-03-27 22:34:15.076",USD,5288,5288,5288,0,1,1,0,1,2826-1184,NULL,NULL,NULL,NULL,11E713782E3AEDF6BCDA06616AC582AF,5EB71D69E2585F8A096417BB333C2E72,...
11E713782E5A91BDA211020AF2129A61,"2017-03-27 22:34:15.322",USD,244,244,244,0,1,1,0,1,2816-9767,NULL,NULL,NULL,NULL,11E713782E605BEABCDA06616AC582AF,2F9E89A0BDBD3DED1024A989D0986B1A,...
11E7137839FA55CFA211020AF2129A61,"2017-03-27 22:34:35.053",USD,7482,7482,7482,0,1,1,0,1,2807-0480,NULL,NULL,NULL,NULL,11E713783A231BBBBCDA06616AC582AF,479A03B53FCEB862E7DB17DB4674012F,...
11E713783AF6B726A211020AF2129A61,"2017-03-27 22:34:36.780",USD,13437,13437,13437,0,1,1,0,1,2484-2418,NULL,NULL,NULL,NULL,11E713783B2AB8CEBCDA06616AC582AF,22E395D53708294C2C61B029B9DE4D28,...
11E713783D0AA322A211020AF2129A61,"2017-03-27 22:34:40.291",USD,7988,7988,7988,0,1,1,0,1,2974-3744,NULL,NULL,NULL,NULL,11E713783D424990BCDA06616AC582AF,C1FBC784C7E8B7D5818B658B4B3CF503,...
11E713783E35199AA211020AF2129A61,"2017-03-27 22:34:42.154",USD,17083,17083,17083,0,1,1,0,1,2460-2361,NULL,NULL,NULL,NULL,11E713783E5EA918BCDA06616AC582AF,081688484B23F2A64CA9D32F805B3E72,...
11E713783FB96F60A211020AF2129A61,"2017-03-27 22:34:44.774",USD,9422,9422,9422,0,1,1,0,1,2270-0669,NULL,NULL,NULL,NULL,11E713783FEE6F59BCDA06616AC582AF,5D2E8924D5AE98FB1B4416CF13B35174,...
11E7137841197507A211020AF2129A61,"2017-03-27 22:34:47.209",USD,23383,23383,23383,0,1,1,0,1,2018-2923,NULL,NULL,NULL,NULL,11E713784161EC18BCDA06616AC582AF,F367D603CA043FF9423E7DF285DF9830,...
11E7137843FFF34DA211020AF2129A61,"2017-03-27 22:34:51.942",USD,21759,21759,21759,0,1,1,0,1,2650-4880,NULL,NULL,NULL,NULL,11E71378443431BDBCDA06616AC582AF,B1748DB8DF112D15C9703202770BCAB7,...
11E71378450B21D4A211020AF2129A61,"2017-03-27 22:34:53.779",USD,9103,9103,9103,0,1,1,0,1,2182-9035,NULL,NULL,NULL,NULL,11E71378454C7B93BCDA06616AC582AF,C1C79D492D691540906082026C87EE39,...
11E71378479994CCA211020AF2129A61,"2017-03-27 22:34:58.063",USD,18442,18442,18442,0,1,1,0,1,2204-3131,NULL,NULL,NULL,NULL,11E7137847DA2399BCDA06616AC582AF,93C2B0FBBB628F4ECED1D15620A2C72A,...
11E7137848AED576A211020AF2129A61,"2017-03-27 22:34:59.683",USD,6220,6220,6220,0,1,1,0,1,2373-8003,NULL,NULL,NULL,NULL,11E7137848D15EABBCDA06616AC582AF,C498E0C1E7C43AA1E82292AF4D5380E2,...
11E713784A2DACCFA211020AF2129A61,"2017-03-27 22:35:02.066",USD,2707,2707,2707,0,1,1,0,1,2027-5256,NULL,NULL,NULL,NULL,11E713784A3D03D3BCDA06616AC582AF,70DDDF12FD56982721477A5EE998FF0F,...
11E713784AA638BCA211020AF2129A61,"2017-03-27 22:35:03.003",USD,8274,8274,8274,0,1,1,0,1,2776-2354,NULL,NULL,NULL,NULL,11E713784ACBE682BCDA06616AC582AF,FCDD5596C19E66D5A40B6302695303AB,...
11E713784C503F45A211020AF2129A61,"2017-03-27 22:35:05.594",USD,510,510,510,0,1,1,0,1,2671-8121,NULL,NULL,NULL,NULL,11E713784C573C08BCDA06616AC582AF,660434D18DEAF27ED758F7E892EB66E2,...
11E713784C8494F5A211020AF2129A61,"2017-03-27 22:35:05.929",USD,412,412,412,0,1,1,0,1,2206-8870,NULL,NULL,NULL,NULL,11E713784C8A5DC8BCDA06616AC582AF,5BFE492676586C25375A9D827E6C5539,...
11E713784D1033E6A211020AF2129A61,"2017-03-27 22:35:11.241",USD,4525,4525,4525,0,0,0,0,0,NULL,"2015-12-08 18:48:59",NULL,NULL,NULL,11E713784FB44CDCBCDA06616AC582AF,9A5D4B0675751521C3BA7AD1622E902C,...
11E713784DFB3014A211020AF2129A61,"2017-03-27 22:35:08.768",USD,25570,25570,25570,0,1,1,0,1,2561-5638,NULL,NULL,NULL,NULL,11E713784E3B8D43BCDA06616AC582AF,8324E6CBF44CAA6A912D81825FA4788E,...
11E713785183E1BCA211020AF2129A61,"2017-03-27 22:35:14.740",USD,8190,8190,8190,0,1,1,0,1,2684-9261,NULL,NULL,NULL,NULL,11E7137851CADF6CBCDA06616AC582AF,B4BF44A270B6005C9019B4942416A17A,...
11E71378539079C4A211020AF2129A61,"2017-03-27 22:35:18.248",USD,32334,32334,32334,0,1,1,0,1,2981-3120,NULL,NULL,NULL,NULL,11E7137853E22E29BCDA06616AC582AF,D53934F85C475514F27D55B3282005F7,...
11E71378560412BEA211020AF2129A61,"2017-03-27 22:35:21.931",USD,2988,2988,2988,0,1,1,0,1,2243-2589,NULL,NULL,NULL,NULL,11E7137856141A02BCDA06616AC582AF,C924E1224FAC56951E3E19E391F02C1C,...
11E7137856F99577A211020AF2129A61,"2017-03-27 22:35:23.851",USD,22681,22681,22681,0,1,1,0,1,2170-5105,NULL,NULL,NULL,NULL,11E7137857390C54BCDA06616AC582AF,82327EFDFE99D504C90A3441CD174D5F,...
11E7137859D0F8C2A211020AF2129A61,"2017-03-27 22:35:28.497",USD,7026,7026,7026,0,1,1,0,1,2293-0893,NULL,NULL,NULL,NULL,11E7137859FE1A98BCDA06616AC582AF,B179972F4D038637970C5910800FB336,...
11E713785B716219A211020AF2129A61,"2017-03-27 22:35:31.191",USD,14881,14881,14881,0,1,1,0,1,2211-7898,NULL,NULL,NULL,NULL,11E713785B992B32BCDA06616AC582AF,2BCDEBE74E13F2AEF2A0B209634749BC,...
11E713785D1993D2A211020AF2129A61,"2017-03-27 22:35:34.050",USD,15820,15820,15820,0,1,1,0,1,2782-6129,NULL,NULL,NULL,NULL,11E713785D4D36C3BCDA06616AC582AF,8D009F3E9C48ABBFC34C8486C8908B78,...
11E713785DF80CCDA211020AF2129A61,"2017-03-27 22:35:35.438",USD,10403,10403,10403,0,1,1,0,1,2212-6523,NULL,NULL,NULL,NULL,11E713785E2118DABCDA06616AC582AF,437BF1EE25E0865502336324CF157954,...
11E71378605B78B6A211020AF2129A61,"2017-03-27 22:35:39.404",USD,4642,4642,4642,0,1,1,0,1,2742-0114,NULL,NULL,NULL,NULL,11E71378607E4D5EBCDA06616AC582AF,97612890D9C6D550E823B9F35F98C342,...
11E7137861617715A211020AF2129A61,"2017-03-27 22:35:41.170",USD,9776,9776,9776,0,1,1,0,1,2100-0974,NULL,NULL,NULL,NULL,11E71378618BBF10BCDA06616AC582AF,4949B132EF9D5F89EBCE672C62A3A0BF,...
11E71378631B34FCA211020AF2129A61,"2017-03-27 22:35:43.879",USD,3749,3749,3749,0,1,1,0,1,2174-9827,NULL,NULL,NULL,NULL,11E7137863291ABEBCDA06616AC582AF,8A4DA55070A20A0E6512D4C0466750F5,...
11E7137863733F7AA211020AF2129A61,"2017-03-27 22:35:44.403",USD,708,708,708,0,1,1,0,1,2010-6413,NULL,NULL,NULL,NULL,11E713786378F16FBCDA06616AC582AF,05049BC20D948A817FD4A5CC2F285464,...
11E71378645BF1DDA211020AF2129A61,"2017-03-27 22:35:46.295",USD,19749,19749,19749,0,1,1,0,1,2001-1983,NULL,NULL,NULL,NULL,11E713786499CBE0BCDA06616AC582AF,8588408769D0EB5C0FEFEC1A03A818D4,...
11E713786527CE23A211020AF2129A61,"2017-03-27 22:35:47.330",USD,3527,3527,3527,0,1,1,0,1,2126-5448,NULL,NULL,NULL,NULL,11E713786537BA05BCDA06616AC582AF,33ECECBB08DAA82F8AAEF5A22F29D0CB,...
11E71378673F6323A211020AF2129A61,"2017-03-27 22:35:54.297",USD,6274,6274,6274,0,1,1,0,1,2520-7024,NULL,NULL,NULL,NULL,11E71378695EBC7DBCDA06616AC582AF,B536A9A61824759951CDE7E95CEDDEFA,...
11E7137867E762A2A211020AF2129A61,"2017-03-27 22:35:52.196",USD,17625,17625,17625,0,1,1,0,1,2693-8116,NULL,NULL,NULL,NULL,11E71378681E2162BCDA06616AC582AF,139CD797DB43FB18FC063F622AB02386,...
11E713786A69535CA211020AF2129A61,"2017-03-27 22:35:56.302",USD,6176,6176,6176,0,1,1,0,1,2438-7053,NULL,NULL,NULL,NULL,11E713786A90CE89BCDA06616AC582AF,EA373042792997D3381ADDE325F0654A,...
11E713786B35F1F5A211020AF2129A61,"2017-03-27 22:35:57.670",USD,17057,17057,17057,0,1,1,0,1,2664-9106,NULL,NULL,NULL,NULL,11E713786B6188EDBCDA06616AC582AF,DA301F7D7635E7DA27926CCC27867BF0,...
11E713786E095D74A211020AF2129A61,"2017-03-27 22:36:02.243",USD,5260,5260,5260,0,1,1,0,1,2511-2525,NULL,NULL,NULL,NULL,11E713786E1B3517BCDA06616AC582AF,79F35B31AD4D90AD3DC0188F04FA4B08,...
11E713786E7BF4EBA211020AF2129A61,"2017-03-27 22:36:03.094",USD,8501,8501,8501,0,1,1,0,1,2223-1030,NULL,NULL,NULL,NULL,11E713786E9D02D7BCDA06616AC582AF,4B6494C7CC9D1EEF71997FB256491735,...
11E7137870519F67A211020AF2129A61,"2017-03-27 22:36:06.025",USD,3487,3487,3487,0,1,1,0,1,2091-4571,NULL,NULL,NULL,NULL,11E71378705C4AC3BCDA06616AC582AF,CCC9216BC9FB1B3DCF7E9D236CD4AEDB,...
11E7137870CBD810A211020AF2129A61,"2017-03-27 22:36:06.853",USD,2088,2088,2088,0,1,1,0,1,2222-1344,NULL,NULL,NULL,NULL,11E7137870DABC30BCDA06616AC582AF,AF9D17FF06EA2F7D5FCD5C7753900907,...
11E7137871CF3E92A211020AF2129A61,"2017-03-27 22:36:08.559",USD,7707,7707,7707,0,1,1,0,1,2196-4679,NULL,NULL,NULL,NULL,11E7137871DF0B66BCDA06616AC582AF,355133B09E9C8467F1ED5A094734A55C,...
11E713787228A9A7A211020AF2129A61,"2017-03-27 22:36:09.145",USD,3187,3187,3187,0,1,1,0,1,2980-6315,NULL,NULL,NULL,NULL,11E71378723876E1BCDA06616AC582AF,75839C5BD19173B02A301B07272E233E,...
11E7137873C2D1BFA211020AF2129A61,"2017-03-27 22:36:11.775",USD,1564,1564,1564,0,1,1,0,1,2802-9635,NULL,NULL,NULL,NULL,11E7137873C9C65FBCDA06616AC582AF,42F903E891953228614741C137FF4270,...
11E7137873E266D6A211020AF2129A61,"2017-03-27 22:36:11.991",USD,1566,1566,1566,0,1,1,0,1,2758-9649,NULL,NULL,NULL,NULL,11E7137873EAB8A2BCDA06616AC582AF,940D40480E160929A58C092FC7671F2B,...
11E713787479C5A4A211020AF2129A61,"2017-03-27 22:36:13.143",USD,11218,11218,11218,0,1,1,0,1,2344-8126,NULL,NULL,NULL,NULL,11E71378749A5C25BCDA06616AC582AF,C689B407466A31B2967FD8C076B0A530,...
11E71378754B9463A211020AF2129A61,"2017-03-27 22:36:14.664",USD,9670,9670,9670,0,1,1,0,1,2325-3637,NULL,NULL,NULL,NULL,11E7137875828332BCDA06616AC582AF,376D4D2791554AC9F4B3607E2D2DA67A,...
11E7137877FFB80CA211020AF2129A61,"2017-03-27 22:36:19.051",USD,8540,8540,8540,0,1,1,0,1,2970-9772,NULL,NULL,NULL,NULL,11E71378781FF022BCDA06616AC582AF,548E8AEDA4163C8C9A17547A6642FF9C,...
11E7137878D15FBBA211020AF2129A61,"2017-03-27 22:36:20.561",USD,10757,10757,10757,0,1,1,0,1,2905-6787,NULL,NULL,NULL,NULL,11E713787906556DBCDA06616AC582AF,AE53CDFF355DAB2602ACC676D2079628,...
11E713787B90F522A211020AF2129A61,"2017-03-27 22:36:25.150",USD,12931,12931,12931,0,1,1,0,1,2660-7766,NULL,NULL,NULL,NULL,11E713787BC28980BCDA06616AC582AF,54F4B9B61B77E6C8E860983C2C81E6F5,...
11E713787DF06850A211020AF2129A61,"2017-03-27 22:36:29.314",USD,15380,15380,15380,0,1,1,0,1,2879-2384,NULL,NULL,NULL,NULL,11E713787E3DEC39BCDA06616AC582AF,D05630C4BF149A3CD76A4650631D09FF,...
11E713787F96501CA211020AF2129A61,"2017-03-27 22:36:31.637",USD,1900,1900,1900,0,1,1,0,1,2476-7887,NULL,"2015-11-25 16:11:51","2015-12-25 16:11:51",NULL,11E713787FA035A3BCDA06616AC582AF,55C4096C899275EE54DDD46EC773BC9C,...
11E713787FE533CDA211020AF2129A61,"2017-03-27 22:36:32.183",USD,8230,8230,8230,0,1,1,0,1,2540-7084,NULL,NULL,NULL,NULL,11E713787FF3CB33BCDA06616AC582AF,BC92A271C053E187FDF925EEE32C35B2,...
11E713788044DF78A211020AF2129A61,"2017-03-27 22:36:32.938",USD,5423,5423,5423,0,1,1,0,1,2726-7625,NULL,NULL,NULL,NULL,11E713788066F921BCDA06616AC582AF,C7CC64AF1C2692602EEF4070EDD74605,...
11E7137882181919A211020AF2129A61,"2017-03-27 22:36:35.813",USD,1078,1078,1078,0,1,1,0,1,2011-2771,NULL,NULL,NULL,NULL,11E71378821DAC88BCDA06616AC582AF,B97241B83E31DD1D65157187B7542BC2,...
11E71378832347F9A211020AF2129A61,"2017-03-27 22:36:37.592",USD,1907,1907,1907,0,1,1,0,1,2200-4651,NULL,NULL,NULL,NULL,11E71378832CFA8FBCDA06616AC582AF,F98D99F5F8270B7F606F911A20C299C7,...
11E71378843E05F8A211020AF2129A61,"2017-03-27 22:36:39.444",USD,3209,3209,3209,0,1,1,0,1,2462-8657,NULL,NULL,NULL,NULL,11E713788447A7CFBCDA06616AC582AF,758AA1B936EBB512E988B0047EF3A4CC,...
11E713788545D954A211020AF2129A61,"2017-03-27 22:36:41.174",USD,2183,2183,2183,0,1,1,0,1,2471-8669,NULL,NULL,NULL,NULL,11E71378854F9E05BCDA06616AC582AF,8E854019A8CAC9C3411010E720AE9FDF,...
11E7137886FA4043A211020AF2129A61,"2017-03-27 22:36:44.468",USD,20845,20845,20845,0,1,1,0,1,2296-4905,NULL,NULL,NULL,NULL,11E7137887463BF9BCDA06616AC582AF,9104E936479B4A819E671EAAF8F3224F,...
11E713788A319DC2A211020AF2129A61,"2017-03-27 22:36:49.651",USD,14794,14794,14794,0,1,1,0,1,2673-2951,NULL,NULL,NULL,NULL,11E713788A5D34E7BCDA06616AC582AF,5E750E2A7CF82C9D598F16F6B53A1A2B,...
11E713788C7F36EAA211020AF2129A61,"2017-03-27 22:36:53.812",USD,12455,12455,12455,0,1,1,0,1,2086-6244,NULL,NULL,NULL,NULL,11E713788CD817B1BCDA06616AC582AF,93A6E565FD27BC4042FE13996B96A7DB,...
11E71378905BD4DCA211020AF2129A61,"2017-03-27 22:37:00.122",USD,18254,18254,18254,0,1,1,0,1,2072-4638,NULL,NULL,NULL,NULL,11E71378909AEDD9BCDA06616AC582AF,5CD11CB1B884D614603478825E51AC63,...
11E7137894872EA9A211020AF2129A61,"2017-03-27 22:37:07.051",USD,9273,9273,9273,0,1,1,0,1,2372-4859,NULL,NULL,NULL,NULL,11E7137894BC2016BCDA06616AC582AF,23022BB971BB393FED7F5C4749D575FD,...
11E713789614FB4CA211020AF2129A61,"2017-03-27 22:37:09.667",USD,15535,15535,15535,0,1,1,0,1,2226-5710,NULL,NULL,NULL,NULL,11E71378964B44B1BCDA06616AC582AF,E8DE3DDF20B8297A86FB853A3ACDF512,...
11E713789BE85F99A211020AF2129A61,"2017-03-27 22:37:19.335",USD,4881,4881,4881,0,1,1,0,1,2199-4945,NULL,NULL,NULL,NULL,11E713789C0E9886BCDA06616AC582AF,81EAB6E63BFD748550130FF95FE57C9C,...
11E713789D3D1A9AA211020AF2129A61,"2017-03-27 22:37:21.727",USD,28509,28509,28509,0,1,1,0,1,2914-8841,NULL,NULL,NULL,NULL,11E713789D7B899BBCDA06616AC582AF,8EF76D6E95D2C7CC79FB60BCF29D61D0,...
11E713789F4A9E1AA211020AF2129A61,"2017-03-27 22:37:24.872",USD,5129,5129,5129,0,1,1,0,1,2822-4311,NULL,NULL,NULL,NULL,11E713789F5B6CC4BCDA06616AC582AF,9435E6EA9CB38D7587D527384FDCCA3E,...
11E713789F8905F8A211020AF2129A61,"2017-03-27 22:37:25.229",USD,893,893,893,0,1,1,0,1,2838-8639,NULL,NULL,NULL,NULL,11E713789F91D0C3BCDA06616AC582AF,F8F824EE9ED68A45CA9785B54461CFC8,...
11E71378A0AEE8D1A211020AF2129A61,"2017-03-27 22:37:27.371",USD,6462,6462,6462,0,1,1,0,1,2368-8656,NULL,NULL,NULL,NULL,11E71378A0D89F10BCDA06616AC582AF,A951A2AB96C16C46577A0D503A4F931F,...
11E71378A1D3E109A211020AF2129A61,"2017-03-27 22:37:29.081",USD,1438,1438,1438,0,1,1,0,1,2447-9287,NULL,NULL,NULL,NULL,11E71378A1DDB9FEBCDA06616AC582AF,B473D42753E3B15A5247CEC9A698E07A,...
11E71378A305D0E5A211020AF2129A61,"2017-03-27 22:37:31.136",USD,4758,4758,4758,0,1,1,0,1,2113-5719,NULL,NULL,NULL,NULL,11E71378A3174EC5BCDA06616AC582AF,BE3CE008327EB36DCB1274E0A61E6680,...
11E71378A352DFDEA211020AF2129A61,"2017-03-27 22:37:31.563",USD,610,610,610,0,1,1,0,1,2630-2637,NULL,NULL,NULL,NULL,11E71378A35872D0BCDA06616AC582AF,1ED2ABAC000129F28CEBF0828E2ED2AE,...
11E71378A4178F58A211020AF2129A61,"2017-03-27 22:37:33.195",USD,21542,21542,21542,0,1,1,0,1,2031-3229,NULL,NULL,NULL,NULL,11E71378A45167FBBCDA06616AC582AF,EADD2C97619660117AB3C707ABF78857,...
11E71378A6C263EDA211020AF2129A61,"2017-03-27 22:37:37.718",USD,11335,11335,11335,0,1,1,0,1,2611-1112,NULL,NULL,NULL,NULL,11E71378A7038216BCDA06616AC582AF,5A31E51128F410925CB61DC7D1D52C50,...
11E71378A908F827A211020AF2129A61,"2017-03-27 22:37:41.482",USD,20233,20233,20233,0,1,1,0,1,2847-6919,NULL,NULL,NULL,NULL,11E71378A941F939BCDA06616AC582AF,A43704078DFF4E4996F1992036C64335,...
11E71378AA4A2B07A211020AF2129A61,"2017-03-27 22:37:43.672",USD,7963,7963,7963,0,1,1,0,1,2132-9105,NULL,NULL,NULL,NULL,11E71378AA9006B8BCDA06616AC582AF,72BD02E2051B1D10A714EC7CC3C79B29,...
11E71378AE4AF252A211020AF2129A61,"2017-03-27 22:37:50.294",USD,21478,21478,21478,0,1,1,0,1,2849-2356,NULL,NULL,NULL,NULL,11E71378AE8288E1BCDA06616AC582AF,C6FBBB9F3A6DC151CF6DFB23CD078A8B,...
11E71378AF8EE455A211020AF2129A61,"2017-03-27 22:37:52.526",USD,13928,13928,13928,0,1,1,0,1,2204-5904,NULL,NULL,NULL,NULL,11E71378AFD72CE4BCDA06616AC582AF,CE2430D89CE1902983056BDA18BCA898,...
11E71378B629B839A211020AF2129A61,"2017-03-27 22:38:03.392",USD,7847,7847,7847,0,1,1,0,1,2737-5986,NULL,NULL,NULL,NULL,11E71378B6512B68BCDA06616AC582AF,1DA4159A51B6A12766B395921F8FC734,...
11E71378B71C5592A211020AF2129A61,"2017-03-27 22:38:05.068",USD,18462,18462,18462,0,1,1,0,1,2486-7752,NULL,NULL,NULL,NULL,11E71378B750CAE1BCDA06616AC582AF,950D7259381DBF0CE8BACBB5DB4ADEDB,...
11E71378BC629562A211020AF2129A61,"2017-03-27 22:38:14.011",USD,15515,15515,15515,0,1,1,0,1,2010-9150,NULL,NULL,NULL,NULL,11E71378BCA56B07BCDA06616AC582AF,559984A988F3D5FBD46A2A62154D37FD,...
11E71378BE2071F1A211020AF2129A61,"2017-03-27 22:38:16.905",USD,19838,19838,19838,0,1,1,0,1,2236-8227,NULL,NULL,NULL,NULL,11E71378BE5F1ED1BCDA06616AC582AF,77CC4CA21F1B5C0056BE4FC2B1C81816,...
11E71378C0C8879AA211020AF2129A61,"2017-03-27 22:38:21.183",USD,12689,12689,12689,0,1,1,0,1,2166-4958,NULL,NULL,NULL,NULL,11E71378C0EBBF93BCDA06616AC582AF,E84102B6CA684ACF07A58FB02E56E225,...
11E71378C19F5F66A211020AF2129A61,"2017-03-27 22:38:22.590",USD,3870,3870,3870,0,1,1,0,1,2002-9873,NULL,NULL,NULL,NULL,11E71378C1C277D6BCDA06616AC582AF,B47FA6A40434C5398EAFFF631FC90F77,...
11E71378C2FAD146A211020AF2129A61,"2017-03-27 22:38:24.717",USD,1769,1769,1769,0,1,1,0,1,2448-8532,NULL,NULL,NULL,NULL,11E71378C30716F4BCDA06616AC582AF,B24298F77A51EB9B3605D010D6BA8E66,...
11E71378C42DAB86A211020AF2129A61,"2017-03-27 22:38:27.003",USD,16086,16086,16086,0,1,1,0,1,2627-1249,NULL,NULL,NULL,NULL,11E71378C463BEE7BCDA06616AC582AF,5CDCB4CD6805010554166D3C99545192,...
11E71378C65A4FB4A211020AF2129A61,"2017-03-27 22:38:30.609",USD,8786,8786,8786,0,1,1,0,1,2440-8206,NULL,NULL,NULL,NULL,11E71378C68A1996BCDA06616AC582AF,C8D9CE7F6D098F85D0AA48487A2F3542,...
11E71378C99974C0A211020AF2129A61,"2017-03-27 22:38:36.151",USD,8669,8669,8669,0,1,1,0,1,2808-6785,NULL,NULL,NULL,NULL,11E71378C9D7C820BCDA06616AC582AF,4834AC414211D2807AD92C4BFB52F71D,...
11E71378CAB78F25A211020AF2129A61,"2017-03-27 22:38:37.934",USD,17074,17074,17074,0,1,1,0,1,2375-3841,NULL,NULL,NULL,NULL,11E71378CAE7E15EBCDA06616AC582AF,67065C4AA995583E309D03B07CC1B521,...
11E71378CDD2644CA211020AF2129A61,"2017-03-27 22:38:43.253",USD,11057,11057,11057,0,1,1,0,1,2301-9037,NULL,NULL,NULL,NULL,11E71378CE137FB8BCDA06616AC582AF,03148EACFE72A3728C7275ED473C41BE,...
11E71378CFBE06D4A211020AF2129A61,"2017-03-27 22:38:46.436",USD,21022,21022,21022,0,1,1,0,1,2029-8933,NULL,NULL,NULL,NULL,11E71378CFF92B59BCDA06616AC582AF,FC92706B75BFA7057138B8C1CEE691C2,...
11E71378D38EBE01A211020AF2129A61,"2017-03-27 22:38:52.872",USD,8573,8573,8573,0,1,1,0,1,2967-6366,NULL,NULL,NULL,NULL,11E71378D3CF107ABCDA06616AC582AF,D7161F1705728786840EA6328401C958,...
11E71378D4777038A211020AF2129A61,"2017-03-27 22:38:56.449",USD,8190,8190,8190,0,0,0,0,0,NULL,"2016-01-15 18:47:58",NULL,NULL,NULL,11E71378D5F0374CBCDA06616AC582AF,7FD1797BB9F4AA1139DDB304B7D19784,...
11E71378D6D66F74A211020AF2129A61,"2017-03-27 22:38:58.311",USD,8040,8040,8040,0,1,1,0,1,2529-5369,NULL,NULL,NULL,NULL,11E71378D70D047DBCDA06616AC582AF,3972967FBF72BC057B0C434BC9D0F17B,...
11E71378D87F8B40A211020AF2129A61,"2017-03-27 22:39:01.042",USD,17104,17104,17104,0,1,1,0,1,2151-7052,NULL,NULL,NULL,NULL,11E71378D8ADDEF7BCDA06616AC582AF,B4647984B28E8BFB075C0926F4438490,...
11E71378DB25A51AA211020AF2129A61,"2017-03-27 22:39:05.456",USD,4563,4563,4563,0,1,1,0,1,2651-1438,NULL,NULL,NULL,NULL,11E71378DB4F657EBCDA06616AC582AF,911B8ED6F08B4923B32583D810477D8C,...
11E71378DBD2AD9FA211020AF2129A61,"2017-03-27 22:39:06.568",USD,10247,10247,10247,0,1,1,0,1,2071-3313,NULL,NULL,NULL,NULL,11E71378DBF914F6BCDA06616AC582AF,F68C8DF9420653F9C7904E645A2C6546,...
11E71378DDE5FDB5A211020AF2129A61,"2017-03-27 22:39:09.845",USD,510,510,510,0,1,1,0,1,2612-3700,NULL,NULL,NULL,NULL,11E71378DDED1C26BCDA06616AC582AF,CD3526305D28E705F3BB31FEAD4EED78,...
11E71378DE600F58A211020AF2129A61,"2017-03-27 22:39:10.670",USD,1394,1394,1394,0,1,1,0,1,2100-5704,NULL,NULL,NULL,NULL,11E71378DE6AED88BCDA06616AC582AF,C04FEDCD186E352FD2B8672486C4D3EB,...
11E71378DF3A42C9A211020AF2129A61,"2017-03-27 22:39:12.184",USD,3294,3294,3294,0,0,0,0,0,NULL,"2016-01-19 18:48:00",NULL,NULL,NULL,11E71378DF512FACBCDA06616AC582AF,0BC861A57B8E6E10E1F2EC6A4DC84B78,...
11E71378E170AB3DA211020AF2129A61,"2017-03-27 22:39:16.271",USD,11406,11406,11406,0,1,1,0,1,2139-0238,NULL,NULL,NULL,NULL,11E71378E1C19983BCDA06616AC582AF,1FB8566B36AAB1E4FEA7A1B2DC771A27,...
11E71378E37D917AA211020AF2129A61,"2017-03-27 22:39:19.592",USD,19017,19017,19017,0,1,1,0,1,2432-4893,NULL,NULL,NULL,NULL,11E71378E3BC5ED1BCDA06616AC582AF,40A59C38188B936897CFFE61F1B12F03,...
11E71378E5917DA4A211020AF2129A61,"2017-03-27 22:39:23.202",USD,19046,19046,19046,0,1,1,0,1,2325-3686,NULL,NULL,NULL,NULL,11E71378E5E323CDBCDA06616AC582AF,5AF49C2B82D11C53584CE74A4BCA6F4B,...
11E71378E80CDDBAA211020AF2129A61,"2017-03-27 22:39:27.130",USD,10776,10776,10776,0,1,1,0,1,2002-4924,NULL,NULL,NULL,NULL,11E71378E83A9992BCDA06616AC582AF,E232C0AA775FE39C997708205BF709B9,...
11E71378EA1E800BA211020AF2129A61,"2017-03-27 22:39:30.732",USD,12898,12898,12898,0,1,1,0,1,2166-1859,NULL,NULL,NULL,NULL,11E71378EA601FCDBCDA06616AC582AF,A7929AA3DDBC99F895FEDC956325E2BA,...
11E71378EBD72C50A211020AF2129A61,"2017-03-27 22:39:33.420",USD,15528,15528,15528,0,1,1,0,1,2991-4787,NULL,NULL,NULL,NULL,11E71378EBFA4F33BCDA06616AC582AF,AEF47D8037A0B42D4AB0FB8DE3D76F39,...
11E71378EEB5465CA211020AF2129A61,"2017-03-27 22:39:38.549",USD,15415,15415,15415,0,1,1,0,1,2977-6134,NULL,NULL,NULL,NULL,11E71378EF08EF9CBCDA06616AC582AF,BC496A724A757266E6E0435F25C334CA,...
11E71378F10613E1A211020AF2129A61,"2017-03-27 22:39:42.153",USD,15868,15868,15868,0,1,1,0,1,2420-2977,NULL,NULL,NULL,NULL,11E71378F12ED9F9BCDA06616AC582AF,67A41A8A5709BD0D3679AB55B278ECBD,...
11E71378F359C798A211020AF2129A61,"2017-03-27 22:39:46.000",USD,8820,8820,8820,0,1,1,0,1,2686-0192,NULL,NULL,NULL,NULL,11E71378F379DFCFBCDA06616AC582AF,E65A00FEB18032D81186F34FCDC19AAE,...
11E71378F41DB49EA211020AF2129A61,"2017-03-27 22:39:47.333",USD,5853,5853,5853,0,1,1,0,1,2559-7001,NULL,NULL,NULL,NULL,11E71378F4454F13BCDA06616AC582AF,656E65B8FC88459A799C1B2075822213,...
11E71378F539F940A211020AF2129A61,"2017-03-27 22:39:48.980",USD,1900,1900,1900,0,1,1,0,1,2372-8009,NULL,"2015-12-25 16:11:51","2016-01-25 16:11:51",NULL,11E71378F54050ACBCDA06616AC582AF,CF696142750F60EB55EC31ECB45627D7,...
11E71378F55E9872A211020AF2129A61,"2017-03-27 22:39:49.215",USD,396,396,396,0,1,1,0,1,2907-3112,NULL,NULL,NULL,NULL,11E71378F5645D39BCDA06616AC582AF,60DA2EAE0D461A1215E3C5BA6AB9CF18,...
11E71378F57D4423A211020AF2129A61,"2017-03-27 22:39:49.433",USD,1876,1876,1876,0,1,1,0,1,2476-9261,NULL,NULL,NULL,NULL,11E71378F585B46DBCDA06616AC582AF,09A8F43C61E7BA86C3EC19C44904C811,...
11E71378F682CD7EA211020AF2129A61,"2017-03-27 22:39:51.538",USD,13683,13683,13683,0,1,1,0,1,2832-8708,NULL,NULL,NULL,NULL,11E71378F6C6EE4CBCDA06616AC582AF,C6E5BA5CB5B3CDEF0E4955F903FCA175,...
11E71378F824E477A211020AF2129A61,"2017-03-27 22:39:54.166",USD,14447,14447,14447,0,1,1,0,1,2901-1056,NULL,NULL,NULL,NULL,11E71378F857DD7ABCDA06616AC582AF,EF53F683B9CACF42318875B6AC29EE2E,...
11E71378FADA1993A211020AF2129A61,"2017-03-27 22:39:58.881",USD,12490,12490,12490,0,1,1,0,1,2719-5709,NULL,NULL,NULL,NULL,11E71378FB274ED5BCDA06616AC582AF,DFA33C76E6152757A72E7F9B65702676,...
11E71378FC610736A211020AF2129A61,"2017-03-27 22:40:01.191",USD,12201,12201,12201,0,1,1,0,1,2034-4561,NULL,NULL,NULL,NULL,11E71378FC87BE77BCDA06616AC582AF,EFD4514D0467120F1781438A47942DEA,...
11E71378FFFCCBBAA211020AF2129A61,"2017-03-27 22:40:07.525",USD,11770,11770,11770,0,1,1,0,1,2394-9569,NULL,NULL,NULL,NULL,11E71379004E49F3BCDA06616AC582AF,09F9B012360659A323A0FBAD5DAADB76,...
11E7137901F9AD2BA211020AF2129A61,"2017-03-27 22:40:10.612",USD,11105,11105,11105,0,1,1,0,1,2451-7741,NULL,NULL,NULL,NULL,11E7137902255BE6BCDA06616AC582AF,598889CA370EBC672F52BD512870182D,...
11E7137904CD3FD9A211020AF2129A61,"2017-03-27 22:40:15.605",USD,17780,17780,17780,0,1,1,0,1,2485-5000,NULL,NULL,NULL,NULL,11E71379051F34A0BCDA06616AC582AF,52F498FA3E4D4164027998882AD3DC5F,...
11E713790639A172A211020AF2129A61,"2017-03-27 22:40:17.671",USD,10378,10378,10378,0,1,1,0,1,2661-8826,NULL,NULL,NULL,NULL,11E71379065A50BEBCDA06616AC582AF,6DAB6C381EEBB63347C4BE8769974A70,...
11E7137909352E5BA211020AF2129A61,"2017-03-27 22:40:22.815",USD,6239,6239,6239,0,1,1,0,1,2020-6844,NULL,NULL,NULL,NULL,11E71379096B4213BCDA06616AC582AF,AB4798DB0CC8DCDA135701007210B995,...
11E7137909E62E7AA211020AF2129A61,"2017-03-27 22:40:23.704",USD,7707,7707,7707,0,1,1,0,1,2599-4040,NULL,NULL,NULL,NULL,11E7137909F3098BBCDA06616AC582AF,AD069ABED1781197FDC0FCCDBA50FE88,...
11E713790CA6AE6AA211020AF2129A61,"2017-03-27 22:40:28.620",USD,8485,8485,8485,0,1,1,0,1,2292-2376,NULL,NULL,NULL,NULL,11E713790CE12A29BCDA06616AC582AF,B5D06E440F50C9A2B3E1C8A6A5DF8221,...
11E713790DE436D6A211020AF2129A61,"2017-03-27 22:40:30.396",USD,6240,6240,6240,0,1,1,0,1,2783-9330,NULL,NULL,NULL,NULL,11E713790DF01E17BCDA06616AC582AF,144EE1FE5C045C3FC5E000E301774BB3,...
11E713790F075A8BA211020AF2129A61,"2017-03-27 22:40:32.263",USD,408,408,408,0,1,1,0,1,2909-0519,NULL,NULL,NULL,NULL,11E713790F0D0141BCDA06616AC582AF,C68D81992357D3E3F39DA419498182C3,...
11E713790F3324B1A211020AF2129A61,"2017-03-27 22:40:32.550",USD,610,610,610,0,1,1,0,1,2781-4500,NULL,NULL,NULL,NULL,11E713790F38D072BCDA06616AC582AF,667FED3A1A9DA50C2C4C81E79811BBC9,...
11E713791024D7CCA211020AF2129A61,"2017-03-27 22:40:34.554",USD,12477,12477,12477,0,1,1,0,1,2806-4451,NULL,NULL,NULL,NULL,11E71379106A9160BCDA06616AC582AF,306EB1B673AF0583A81477C6AF76F86F,...
11E71379118C3088A211020AF2129A61,"2017-03-27 22:40:36.666",USD,11228,11228,11228,0,1,1,0,1,2197-5792,NULL,NULL,NULL,NULL,11E7137911ACD2C8BCDA06616AC582AF,88AEE7BBB9D23E738A0FC4675F69B282,...
11E71379142F8B25A211020AF2129A61,"2017-03-27 22:40:41.160",USD,13782,13782,13782,0,1,1,0,1,2908-1315,NULL,NULL,NULL,NULL,11E71379145AA35BBCDA06616AC582AF,1C190768960E49269654966F791C0C71,...
11E71379153BCB0AA211020AF2129A61,"2017-03-27 22:40:43.057",USD,16783,16783,16783,0,1,1,0,1,2641-1020,NULL,NULL,NULL,NULL,11E71379157C0A21BCDA06616AC582AF,551EDC5B3A1204696753AC9543F923CB,...
11E7137919A19619A211020AF2129A61,"2017-03-27 22:41:03.500",USD,18561,18561,18561,0,1,1,0,1,2721-0313,NULL,NULL,NULL,NULL,11E7137921AB541CBCDA06616AC582AF,2495B14892359A5DEAD98503C7F35A99,...
11E713791B2D17BCA211020AF2129A61,"2017-03-27 22:40:52.909",USD,17463,17463,17463,0,1,1,0,1,2032-6699,NULL,NULL,NULL,NULL,11E713791B5B5793BCDA06616AC582AF,D9971A21D2D1C3AF09643A45433F1DDA,...
11E713792360DAC9A211020AF2129A61,"2017-03-27 22:41:06.773",USD,12361,12361,12361,0,1,1,0,1,2934-8162,NULL,NULL,NULL,NULL,11E71379239EE154BCDA06616AC582AF,8094C5700366C00EF3B77222BFED9EA6,...
11E71379248F96FEA211020AF2129A61,"2017-03-27 22:41:08.463",USD,8829,8829,8829,0,1,1,0,1,2677-8803,NULL,NULL,NULL,NULL,11E7137924A0B24FBCDA06616AC582AF,1073B1230CEFA57282D847D00594F44B,...
11E7137926CC1940A211020AF2129A61,"2017-03-27 22:41:12.581",USD,12842,12842,12842,0,1,1,0,1,2175-3775,NULL,NULL,NULL,NULL,11E71379271501E8BCDA06616AC582AF,AD79A4AF8E5D724ED2FD6E29A82A44D9,...
11E7137928C466D1A211020AF2129A61,"2017-03-27 22:41:15.497",USD,5032,5032,5032,0,1,1,0,1,2129-9293,NULL,NULL,NULL,NULL,11E7137928D1F259BCDA06616AC582AF,B32C415EC69523E36F52D45F20764E02,...
11E713792A0B3F35A211020AF2129A61,"2017-03-27 22:41:17.863",USD,6276,6276,6276,0,1,1,0,1,2317-4493,NULL,NULL,NULL,NULL,11E713792A3AF716BCDA06616AC582AF,D9C6672C5C219E876AAC8E0A944313E2,...
11E713792ACFA06BA211020AF2129A61,"2017-03-27 22:41:18.949",USD,9740,9740,9740,0,1,1,0,1,2536-0441,NULL,NULL,NULL,NULL,11E713792AE0B53DBCDA06616AC582AF,4CB9C27DB0310716FE836DFE1C8F8E40,...
11E713792C37BBCCA211020AF2129A61,"2017-03-27 22:41:21.243",USD,616,616,616,0,1,1,0,1,2652-0581,NULL,NULL,NULL,NULL,11E713792C3ED893BCDA06616AC582AF,ED7865B44384A30522AEE4A818F1D133,...
11E713792C7E6213A211020AF2129A61,"2017-03-27 22:41:21.705",USD,3241,3241,3241,0,1,1,0,1,2802-3826,NULL,NULL,NULL,NULL,11E713792C854E4ABCDA06616AC582AF,8996B6E124E2BB0B7AA13D748A1CE0C2,...
11E713792DD7FE48A211020AF2129A61,"2017-03-27 22:41:24.421",USD,10422,10422,10422,0,1,1,0,1,2483-4731,NULL,NULL,NULL,NULL,11E713792E23A8ACBCDA06616AC582AF,7314E2B08E102BEB9E86BF9C8B17241A,...
11E713792F9FC5F5A211020AF2129A61,"2017-03-27 22:41:26.993",USD,6408,6408,6408,0,1,1,0,1,2736-8716,NULL,NULL,NULL,NULL,11E713792FAC1D69BCDA06616AC582AF,797DD5A22215CD5F5380B818FA256804,...
11E7137930BC59CAA211020AF2129A61,"2017-03-27 22:41:29.214",USD,10952,10952,10952,0,1,1,0,1,2135-4924,NULL,NULL,NULL,NULL,11E7137930FF02FBBCDA06616AC582AF,B7287365F84F55B967022A67AF967C12,...
11E7137932D41679A211020AF2129A61,"2017-03-27 22:41:32.391",USD,7909,7909,7909,0,1,1,0,1,2888-5316,NULL,NULL,NULL,NULL,11E7137932E3E72ABCDA06616AC582AF,31C17C25E371E00A13C073930CFAA10F,...
11E7137934CA408DA211020AF2129A61,"2017-03-27 22:41:36.098",USD,14810,14810,14810,0,1,1,0,1,2638-7521,NULL,NULL,NULL,NULL,11E7137935195FD9BCDA06616AC582AF,5BA1D8063046DCEC28B9C82D080C921A,...
11E7137935F72811A211020AF2129A61,"2017-03-27 22:41:37.660",USD,7274,7274,7274,0,1,1,0,1,2161-1006,NULL,NULL,NULL,NULL,11E713793607B573BCDA06616AC582AF,C80E159DDBDDFAC9822BD726ED1072FD,...
11E713793950DA3AA211020AF2129A61,"2017-03-27 22:41:43.671",USD,12839,12839,12839,0,1,1,0,1,2822-4690,NULL,NULL,NULL,NULL,11E71379399CF642BCDA06616AC582AF,5893921A9465EC56F5B8A15DBBB8C5CD,...
11E713793ADE7EC6A211020AF2129A61,"2017-03-27 22:41:45.886",USD,6877,6877,6877,0,1,1,0,1,2028-8124,NULL,NULL,NULL,NULL,11E713793AEEEA46BCDA06616AC582AF,73807E977574345061DF3012F057BE4F,...
11E713793D51F0A5A211020AF2129A61,"2017-03-27 22:41:50.571",USD,17287,17287,17287,0,1,1,0,1,2410-7443,NULL,NULL,NULL,NULL,11E713793DB9EC8CBCDA06616AC582AF,A0B4396BD846404EE372A2A4D351815C,...
11E71379400E0346A211020AF2129A61,"2017-03-27 22:41:54.584",USD,7030,7030,7030,0,1,1,0,1,2844-2062,NULL,NULL,NULL,NULL,11E71379401E394FBCDA06616AC582AF,83B9944C83C0CFC3F3381CBF97C38A38,...
11E713794231CD1CA211020AF2129A61,"2017-03-27 22:41:58.592",USD,16913,16913,16913,0,1,1,0,1,2991-0846,NULL,NULL,NULL,NULL,11E713794281D5C9BCDA06616AC582AF,8ADC076783A6221B69ACEAC9CDD419D3,...
11E7137943EC4E42A211020AF2129A61,"2017-03-27 22:42:01.021",USD,2621,2621,2621,0,1,1,0,1,2129-1797,NULL,NULL,NULL,NULL,11E7137943F48085BCDA06616AC582AF,C6B7CB2DA7CD0BF03330D26D525CC71B,...
11E71379444CE54FA211020AF2129A61,"2017-03-27 22:42:01.655",USD,1030,1030,1030,0,1,1,0,1,2148-7739,NULL,NULL,NULL,NULL,11E71379445522ABBCDA06616AC582AF,9245272388CF19199632D2F31D063E29,...
11E7137944C4ACF6A211020AF2129A61,"2017-03-27 22:42:02.483",USD,3379,3379,3379,0,1,1,0,1,2496-6892,NULL,NULL,NULL,NULL,11E7137944D37A30BCDA06616AC582AF,26A0312D1AFC29A11B2B66544A09541E,...
11E71379451ABCABA211020AF2129A61,"2017-03-27 22:42:02.986",USD,950,950,950,0,1,1,0,1,2896-4939,NULL,NULL,NULL,NULL,11E7137945205A52BCDA06616AC582AF,501BB1AC45BF6CD0806C1C7E023B5B05,...
11E7137945E8E205A211020AF2129A61,"2017-03-27 22:42:04.561",USD,18622,18622,18622,0,1,1,0,1,2755-0438,NULL,NULL,NULL,NULL,11E7137946107F3CBCDA06616AC582AF,165ED94113006D0A09CB77A7A4C095F7,...
11E7137948A7657AA211020AF2129A61,"2017-03-27 22:42:09.589",USD,20540,20540,20540,0,1,1,0,1,2142-8975,NULL,NULL,NULL,NULL,11E71379490FB213BCDA06616AC582AF,3CEE8F3436E378D251807C232AD4647F,...
11E713794D8E6F30A211020AF2129A61,"2017-03-27 22:42:17.850",USD,20918,20918,20918,0,1,1,0,1,2170-1745,NULL,NULL,NULL,NULL,11E713794DFC3B40BCDA06616AC582AF,21C41C3D271ABB331C04778C621577B6,...
11E713794F15D20CA211020AF2129A61,"2017-03-27 22:42:19.947",USD,12021,12021,12021,0,1,1,0,1,2445-7098,NULL,NULL,NULL,NULL,11E713794F3C5A91BCDA06616AC582AF,E2E0D847A18E43AB263244978CD89CAE,...
11E7137952646099A211020AF2129A61,"2017-03-27 22:42:25.899",USD,24942,24942,24942,0,1,1,0,1,2229-5973,NULL,NULL,NULL,NULL,11E7137952C86FE1BCDA06616AC582AF,9F118C6B36A6390695ABC68D05A516CB,...
11E713795418EEE3A211020AF2129A61,"2017-03-27 22:42:28.332",USD,9584,9584,9584,0,1,1,0,1,2189-0111,NULL,NULL,NULL,NULL,11E71379543BD004BCDA06616AC582AF,9C7DAE97DFD3D5DBA307190F29513AC8,...
11E713795790D78FA211020AF2129A61,"2017-03-27 22:42:34.019",USD,5640,5640,5640,0,1,1,0,1,2625-7876,NULL,NULL,NULL,NULL,11E71379579F7375BCDA06616AC582AF,490C7E4BFAF0A73FB8AE6C484D0636B9,...
11E713795848679AA211020AF2129A61,"2017-03-27 22:42:35.528",USD,11894,11894,11894,0,1,1,0,1,2584-2718,NULL,NULL,NULL,NULL,11E713795885B961BCDA06616AC582AF,E22BA80F12BDF805A833E5A58E90202E,...
11E713795BC0EC64A211020AF2129A61,"2017-03-27 22:42:41.362",USD,9901,9901,9901,0,1,1,0,1,2275-3691,NULL,NULL,NULL,NULL,11E713795BFFF9BEBCDA06616AC582AF,8399D5A8642BB64D660C6CF8AE66AFAC,...
11E713795CC67583A211020AF2129A61,"2017-03-27 22:42:42.742",USD,3425,3425,3425,0,1,1,0,1,2082-3539,NULL,NULL,NULL,NULL,11E713795CD28D7CBCDA06616AC582AF,C38BE3A7DA0BB13F28A73F612346686F,...
11E713795E5A0DE5A211020AF2129A61,"2017-03-27 22:42:45.818",USD,610,610,610,0,1,1,0,1,2137-9249,NULL,NULL,NULL,NULL,11E713795EA7F9EFBCDA06616AC582AF,B744B4FB2272371822E1456D3D0E9960,...
11E713795E8FC423A211020AF2129A61,"2017-03-27 22:42:45.722",USD,1762,1762,1762,0,1,1,0,1,2700-1070,NULL,NULL,NULL,NULL,11E713795E994812BCDA06616AC582AF,FEB40FF5640F65C0036305D938194543,...
11E7137960B0CED5A211020AF2129A61,"2017-03-27 22:42:49.710",USD,13380,13380,13380,0,1,1,0,1,2174-9038,NULL,NULL,NULL,NULL,11E7137960F9D7EBBCDA06616AC582AF,91F56BF7201216F4F009A706FE993493,...
11E7137961A7B1F4A211020AF2129A61,"2017-03-27 22:42:50.930",USD,4997,4997,4997,0,1,1,0,1,2845-8656,NULL,NULL,NULL,NULL,11E7137961B3DEEABCDA06616AC582AF,D87BB7825914A224E73CD6D2EFA9C6C9,...
11E7137964BBA881A211020AF2129A61,"2017-03-27 22:42:56.614",USD,18530,18530,18530,0,1,1,0,1,2447-4749,NULL,NULL,NULL,NULL,11E7137965173811BCDA06616AC582AF,6F7A9DACA004901724F3F86A0C71DFBB,...
11E71379665C39DCA211020AF2129A61,"2017-03-27 22:42:58.961",USD,8663,8663,8663,0,1,1,0,1,2489-7062,NULL,NULL,NULL,NULL,11E71379667D5DE7BCDA06616AC582AF,B5524873904B965D7ACCF7CEACB1B5D6,...
11E713796833E024A211020AF2129A61,"2017-03-27 22:43:08.808",USD,1900,1900,1900,0,1,1,0,1,2734-2212,NULL,"2016-01-25 16:11:51","2016-02-25 16:11:51",NULL,11E713796C5BC3D4BCDA06616AC582AF,EB550503BF4537EDA462F56F2B6C1E00,...
11E713796986EC5DA211020AF2129A61,"2017-03-27 22:43:04.519",USD,12716,12716,12716,0,1,1,0,1,2821-1978,NULL,NULL,NULL,NULL,11E7137969CD88B8BCDA06616AC582AF,E2A11EBB8ED5A89AA369359743C2528E,...
11E713796B39A62CA211020AF2129A61,"2017-03-27 22:43:07.012",USD,6825,6825,6825,0,1,1,0,1,2282-2777,NULL,NULL,NULL,NULL,11E713796B49C4ABBCDA06616AC582AF,9E8CAEF4C38B28B2EB38F400034FEBC1,...
11E713796EDFC9FBA211020AF2129A61,"2017-03-27 22:43:13.547",USD,11609,11609,11609,0,1,1,0,1,2656-3885,NULL,NULL,NULL,NULL,11E713796F2EF2C4BCDA06616AC582AF,9054BA3686930D8C61E64B3F279A54D1,...
11E71379705B6E0DA211020AF2129A61,"2017-03-27 22:43:15.589",USD,3896,3896,3896,0,1,1,0,1,2654-5705,NULL,NULL,NULL,NULL,11E7137970669380BCDA06616AC582AF,C373FCA4C66D60360C82377A9A43C5F4,...
11E71379720D63D5A211020AF2129A61,"2017-03-27 22:43:18.867",USD,17551,17551,17551,0,1,1,0,1,2967-4582,NULL,NULL,NULL,NULL,11E71379725ACD9ABCDA06616AC582AF,9AA43C4620B60BB56871A58FCC7895FB,...
11E713797368FBB7A211020AF2129A61,"2017-03-27 22:43:20.725",USD,4519,4519,4519,0,1,1,0,1,2745-3430,NULL,NULL,NULL,NULL,11E7137973765F3DBCDA06616AC582AF,C02C1C33441B4BE26890FA329EB8FBDD,...
11E7137975E6CD23A211020AF2129A61,"2017-03-27 22:43:25.141",USD,10212,10212,10212,0,1,1,0,1,2609-3857,NULL,NULL,NULL,NULL,11E7137976180740BCDA06616AC582AF,B54DAE48FD87710FD03B6796FCCDF3BB,...
11E71379772A9827A211020AF2129A61,"2017-03-27 22:43:26.994",USD,2397,2397,2397,0,1,1,0,1,2675-0241,NULL,NULL,NULL,NULL,11E713797732EA14BCDA06616AC582AF,EF042A5ACB86197099A323B341BF984C,...
11E713797808751AA211020AF2129A61,"2017-03-27 22:43:28.483",USD,2136,2136,2136,0,1,1,0,1,2824-4747,NULL,NULL,NULL,NULL,11E713797816074ABCDA06616AC582AF,619D6DD6E0063BB227A112322B89887E,...
11E713797A4F7E97A211020AF2129A61,"2017-03-27 22:43:32.764",USD,19548,19548,19548,0,1,1,0,1,2259-5805,NULL,NULL,NULL,NULL,11E713797AA3561CBCDA06616AC582AF,71D54B5E66E4EA868656DCCA685F4B86,...
11E713797BEF72B2A211020AF2129A61,"2017-03-27 22:43:35.171",USD,9176,9176,9176,0,1,1,0,1,2066-6210,NULL,NULL,NULL,NULL,11E713797C129079BCDA06616AC582AF,A2B197CFD9E7CCC2D0578E8001A99432,...
11E713797F07FD9EA211020AF2129A61,"2017-03-27 22:43:40.924",USD,23850,23850,23850,0,1,1,0,1,2290-9656,NULL,NULL,NULL,NULL,11E713797F8070DDBCDA06616AC582AF,4DFF8415781E27CF8C87EC82232D6159,...
11E7137980B75B09A211020AF2129A61,"2017-03-27 22:43:43.058",USD,5094,5094,5094,0,1,1,0,1,2655-0306,NULL,NULL,NULL,NULL,11E7137980C61528BCDA06616AC582AF,9C25A945B6B73BC9481C51386BF6C545,...
11E71379843E1147A211020AF2129A61,"2017-03-27 22:43:49.350",USD,11198,11198,11198,0,1,1,0,1,2802-5945,NULL,NULL,NULL,NULL,11E7137984861178BCDA06616AC582AF,38F6D18D3BCDA8D9B311E6B6CB36199E,...
11E7137987141492A211020AF2129A61,"2017-03-27 22:43:53.750",USD,8898,8898,8898,0,1,1,0,1,2109-1282,NULL,NULL,NULL,NULL,11E7137987255EC7BCDA06616AC582AF,F9116672AC531583476C273A0BC05DAB,...
11E7137988E6D900A211020AF2129A61,"2017-03-27 22:43:57.112",USD,12532,12532,12532,0,1,1,0,1,2739-7995,NULL,NULL,NULL,NULL,11E713798926702FBCDA06616AC582AF,C42E464694B6F29935BA44971ED5D223,...
11E713798A9461D0A211020AF2129A61,"2017-03-27 22:43:59.715",USD,9496,9496,9496,0,1,1,0,1,2305-7142,NULL,NULL,NULL,NULL,11E713798AB3A55CBCDA06616AC582AF,BEA106392A18F54DABFABE1C7BED953C,...
11E713798BF306EEA211020AF2129A61,"2017-03-27 22:44:02.200",USD,11049,11049,11049,0,1,1,0,1,2561-3170,NULL,NULL,NULL,NULL,11E713798C2ED9EDBCDA06616AC582AF,82A827533536BCF88DE88EBF159B7330,...
11E713798CC990A9A211020AF2129A61,"2017-03-27 22:44:03.327",USD,7794,7794,7794,0,1,1,0,1,2625-1399,NULL,NULL,NULL,NULL,11E713798CDAC409BCDA06616AC582AF,016109D072AEE1D0743775730981C1CB,...
11E71379906C3332A211020AF2129A61,"2017-03-27 22:44:09.690",USD,12487,12487,12487,0,1,1,0,1,2146-5180,NULL,NULL,NULL,NULL,11E7137990A5B587BCDA06616AC582AF,CE3F4E4B776F53AEF930FBA48E240CBB,...
11E713799172F4D7A211020AF2129A61,"2017-03-27 22:44:11.106",USD,4383,4383,4383,0,1,1,0,1,2100-2406,NULL,NULL,NULL,NULL,11E71379917DE67ABCDA06616AC582AF,6B4D1A8B4D50C04A5E9B884FEE0FF3D3,...
11E7137992576182A211020AF2129A61,"2017-03-27 22:44:12.596",USD,816,816,816,0,1,1,0,1,2648-4657,NULL,NULL,NULL,NULL,11E7137992613CE7BCDA06616AC582AF,EE041170050E31E073C6B8129137E24F,...
11E71379927DFC82A211020AF2129A61,"2017-03-27 22:44:12.825",USD,402,402,402,0,1,1,0,1,2029-4296,NULL,NULL,NULL,NULL,11E71379928426E2BCDA06616AC582AF,C27D0800D448DB4B394DEBCF75498DF7,...
11E71379943F82BBA211020AF2129A61,"2017-03-27 22:44:16.611",USD,25073,25073,25073,0,1,1,0,1,2975-9817,NULL,NULL,NULL,NULL,11E7137994C5DB5BBCDA06616AC582AF,DF978F56D3AA5EA91BB63958E6656172,...
11E713799604B229A211020AF2129A61,"2017-03-27 22:44:18.803",USD,8307,8307,8307,0,1,1,0,1,2490-5060,NULL,NULL,NULL,NULL,11E7137996144B56BCDA06616AC582AF,914D088828CD924CEDA48D46A6AAFD9F,...
11E713799A25370BA211020AF2129A61,"2017-03-27 22:44:26.517",USD,22807,22807,22807,0,1,1,0,1,2994-8745,NULL,NULL,NULL,NULL,11E713799AAD60A6BCDA06616AC582AF,80DC626DD7BF4D7676B5B8B242DFD27B,...
11E713799BC970F0A211020AF2129A61,"2017-03-27 22:44:28.595",USD,10153,10153,10153,0,1,1,0,1,2418-6494,NULL,NULL,NULL,NULL,11E713799BEA6384BCDA06616AC582AF,0563583F0C6B60F85E304DF2F7615AB2,...
11E71379A2D0258DA211020AF2129A61,"2017-03-27 22:44:41.032",USD,21894,21894,21894,0,1,1,0,1,2522-0889,NULL,NULL,NULL,NULL,11E71379A3541916BCDA06616AC582AF,40CE640872D4DE4C87ACDB931F1F0436,...
11E71379A5C39C03A211020AF2129A61,"2017-03-27 22:44:45.241",USD,8951,8951,8951,0,1,1,0,1,2411-9760,NULL,NULL,NULL,NULL,11E71379A5D6695BBCDA06616AC582AF,04B0C7BEA07A0C654623D15B3700F7F9,...
11E71379A9B3E911A211020AF2129A61,"2017-03-27 22:44:52.055",USD,9079,9079,9079,0,1,1,0,1,2467-7047,NULL,NULL,NULL,NULL,11E71379A9E6186EBCDA06616AC582AF,4236CBC8D5E3E8038684E80750B13B1E,...
11E71379AAADB260A211020AF2129A61,"2017-03-27 22:44:53.443",USD,6312,6312,6312,0,1,1,0,1,2547-4781,NULL,NULL,NULL,NULL,11E71379AAB9F758BCDA06616AC582AF,14AC2AED57AA887AFA86C18D0E8B2808,...
11E71379AD27DA44A211020AF2129A61,"2017-03-27 22:44:58.041",USD,16634,16634,16634,0,1,1,0,1,2493-9271,NULL,NULL,NULL,NULL,11E71379AD776FFEBCDA06616AC582AF,65A05264A27335F31F8BDBE94309A1AE,...
11E71379AE3AA9F1A211020AF2129A61,"2017-03-27 22:44:59.525",USD,9431,9431,9431,0,1,1,0,1,2141-0812,NULL,NULL,NULL,NULL,11E71379AE5A0FF4BCDA06616AC582AF,2AF619A737D63CD223C99649C0DBB849,...
11E71379B0CA2E4FA211020AF2129A61,"2017-03-27 22:45:03.924",USD,8924,8924,8924,0,1,1,0,1,2119-6703,NULL,NULL,NULL,NULL,11E71379B0F9302EBCDA06616AC582AF,604E6A73C4085FFFAC5F71134C72B0E3,...
11E71379B2484285A211020AF2129A61,"2017-03-27 22:45:06.231",USD,4963,4963,4963,0,1,1,0,1,2008-3883,NULL,NULL,NULL,NULL,11E71379B2594CD8BCDA06616AC582AF,33C73824DEBE18B2E318B6A861C4AC64,...
11E71379B340AC87A211020AF2129A61,"2017-03-27 22:45:07.803",USD,304,304,304,0,1,1,0,1,2610-7068,NULL,NULL,NULL,NULL,11E71379B3492107BCDA06616AC582AF,9C2378B7EADF13547A95AD063A71E990,...
11E71379B35D8378A211020AF2129A61,"2017-03-27 22:45:07.989",USD,3120,3120,3120,0,1,1,0,1,2712-2991,NULL,NULL,NULL,NULL,11E71379B365932CBCDA06616AC582AF,CA88044F4E0E2ED8C1AF0E013060E611,...
11E71379B4E4E672A211020AF2129A61,"2017-03-27 22:45:11.115",USD,16425,16425,16425,0,1,1,0,1,2176-1315,NULL,NULL,NULL,NULL,11E71379B5428242BCDA06616AC582AF,8DB05B0F051994089D4FBFDD5189C1EA,...
11E71379B648958DA211020AF2129A61,"2017-03-27 22:45:13.140",USD,15040,15040,15040,0,1,1,0,1,2054-7920,NULL,NULL,NULL,NULL,11E71379B6778D6FBCDA06616AC582AF,DD6598778DE5705E87382A675D4B4CDC,...
11E71379BA3D9CF1A211020AF2129A61,"2017-03-27 22:45:20.007",USD,12543,12543,12543,0,1,1,0,1,2869-5721,NULL,NULL,NULL,NULL,11E71379BA8F4E84BCDA06616AC582AF,894A104A523C671B13A1A77834C40C5B,...
11E71379BC5F44E4A211020AF2129A61,"2017-03-27 22:45:23.385",USD,13552,13552,13552,0,1,1,0,1,2104-5319,NULL,NULL,NULL,NULL,11E71379BC92B06BBCDA06616AC582AF,003AF05EBD8E98C852F2EE69EB2EF732,...
11E71379BE4CE43EA211020AF2129A61,"2017-03-27 22:45:26.607",USD,7522,7522,7522,0,1,1,0,1,2086-1906,NULL,NULL,NULL,NULL,11E71379BE7E4BFABCDA06616AC582AF,6CDE9BB688EF751D5B0073E2F6218742,...
11E71379BF68657EA211020AF2129A61,"2017-03-27 22:45:28.452",USD,18494,18494,18494,0,1,1,0,1,2807-2514,NULL,NULL,NULL,NULL,11E71379BF97E226BCDA06616AC582AF,094CB1E09FB369939F52AF3ECAF3B0C5,...
11E71379C29AE1A4A211020AF2129A61,"2017-03-27 22:45:33.515",USD,0,0,0,0,1,1,0,0,NULL,NULL,"2016-03-18 12:04:17","2016-03-18 12:04:17",NULL,11E71379C29C1085BCDA06616AC582AF,46D313F24731088D9537FB05B53BC911,...
11E71379C387D99EA211020AF2129A61,"2017-03-27 22:45:35.614",USD,11757,11757,11757,0,1,1,0,1,2195-6116,NULL,NULL,NULL,NULL,11E71379C3DCADF0BCDA06616AC582AF,B2D5D152F07F40D49CA30CD0FD94F209,...
11E71379C6474773A211020AF2129A61,"2017-03-27 22:45:40.168",USD,31390,31390,31390,0,1,1,0,1,2507-0375,NULL,NULL,NULL,NULL,11E71379C6939021BCDA06616AC582AF,A1E3C3363249106B5098E8893F07C9DC,...
11E71379C8BF739AA211020AF2129A61,"2017-03-27 22:45:43.821",USD,0,0,0,0,1,1,0,0,NULL,NULL,"2016-03-22 08:36:32","2016-03-22 08:36:32",NULL,11E71379C8C09617BCDA06616AC582AF,F59DD0CB0E92205CD35391FDBDF482A4,...
11E71379CC2DE5EFA211020AF2129A61,"2017-03-27 22:45:50.368",USD,22992,22992,22992,0,1,1,0,1,2724-7980,NULL,NULL,NULL,NULL,11E71379CCA7F6FEBCDA06616AC582AF,4D48E398AD22AAF17C868CC993EC22B5,...
11E71379CDFFE767A211020AF2129A61,"2017-03-27 22:45:53.055",USD,19863,19863,19863,0,1,1,0,1,2620-9961,NULL,NULL,NULL,NULL,11E71379CE4216EABCDA06616AC582AF,5B2E3394C53C4CEA9D5D06E5EE933B70,...
11E71379D24754A6A211020AF2129A61,"2017-03-27 22:46:00.203",USD,7311,7311,7311,0,1,1,0,1,2749-1859,NULL,NULL,NULL,NULL,11E71379D284B00DBCDA06616AC582AF,623EE8D12884547D6E5891DC64BA4E1D,...
11E71379D423B5BBA211020AF2129A61,"2017-03-27 22:46:03.269",USD,20392,20392,20392,0,1,1,0,1,2538-3528,NULL,NULL,NULL,NULL,11E71379D45893C2BCDA06616AC582AF,87B84089AAFA5D87FC7837329858D6E2,...
11E71379D55D95A7A211020AF2129A61,"2017-03-27 22:46:05.017",USD,304,304,304,0,1,1,0,1,2697-5134,NULL,NULL,NULL,NULL,11E71379D5635069BCDA06616AC582AF,82077C17FF8486305C4C4AD912BFA7F4,...
11E71379D805F91BA211020AF2129A61,"2017-03-27 22:46:10.116",USD,39686,39686,39686,0,1,1,0,1,2440-1579,NULL,NULL,NULL,NULL,11E71379D86D321DBCDA06616AC582AF,ADAF137197CA0E96A01F9B26EC13D3DC,...
11E71379D9CFBC6CA211020AF2129A61,"2017-03-27 22:46:12.857",USD,9218,9218,9218,0,1,1,0,1,2469-5288,NULL,NULL,NULL,NULL,11E71379DA0F92C2BCDA06616AC582AF,201CBA6629300D0402E29DA678558958,...
11E71379DE3D76C3A211020AF2129A61,"2017-03-27 22:46:20.532",USD,17874,17874,17874,0,1,1,0,1,2377-0684,NULL,NULL,NULL,NULL,11E71379DEA291D9BCDA06616AC582AF,2F99B651E24CA303BE54B0572CE5179D,...
11E71379E0F2F9D9A211020AF2129A61,"2017-03-27 22:46:25.154",USD,39628,39628,39628,0,1,1,0,1,2290-1007,NULL,NULL,NULL,NULL,11E71379E163ED6DBCDA06616AC582AF,817D65CBFCA3D005A429ED01097B0D21,...
11E71379E599ED0DA211020AF2129A61,"2017-03-27 22:46:32.652",USD,16950,16950,16950,0,1,1,0,1,2850-7397,NULL,NULL,NULL,NULL,11E71379E5DBFF1FBCDA06616AC582AF,C459F5CC6B2A46AF6A8A02E13813F61B,...
11E71379E7064DD6A211020AF2129A61,"2017-03-27 22:46:35.084",USD,36231,36231,36231,0,1,1,0,1,2331-8288,NULL,NULL,NULL,NULL,11E71379E74F31D3BCDA06616AC582AF,C6A3FD214684EADD157B6D16553172DE,...
11E71379EA2F53D8A211020AF2129A61,"2017-03-27 22:46:39.952",USD,1900,1900,1900,0,1,1,0,1,2647-5554,NULL,"2016-02-25 16:11:51","2016-03-25 17:11:51",NULL,11E71379EA35AD27BCDA06616AC582AF,8DDBADB8AA01D2E1319B166042A0E4E0,...
11E71379EAB99213A211020AF2129A61,"2017-03-27 22:46:41.151",USD,7655,7655,7655,0,1,1,0,1,2276-7680,NULL,NULL,NULL,NULL,11E71379EAECD021BCDA06616AC582AF,5E591D440906CB915962BF7F4F5F9B71,...
11E71379EC43DB52A211020AF2129A61,"2017-03-27 22:46:43.742",USD,22396,22396,22396,0,1,1,0,1,2099-4181,NULL,NULL,NULL,NULL,11E71379EC7828EDBCDA06616AC582AF,7442F40BF702719554212E858751FCFC,...
11E71379EF2F3BEBA211020AF2129A61,"2017-03-27 22:46:48.683",USD,13545,13545,13545,0,1,1,0,1,2913-6205,NULL,NULL,NULL,NULL,11E71379EF6A3BA9BCDA06616AC582AF,ED46FCCC935FB96438FB35688495C0EA,...
11E71379F0EFD788A211020AF2129A61,"2017-03-27 22:46:54.987",USD,27063,27063,27063,0,0,0,0,0,NULL,"2016-03-26 19:50:57",NULL,NULL,NULL,11E71379F32B58F0BCDA06616AC582AF,12A03AF0A04A4CE7226EDABF0E4F1C69,...
11E71379F49E39C3A211020AF2129A61,"2017-03-27 22:46:57.963",USD,12066,12066,12066,0,1,1,0,1,2879-5350,NULL,NULL,NULL,NULL,11E71379F4F22C96BCDA06616AC582AF,D81ABB908E3E6893E28FEF4B4587947C,...
11E71379F66E65EAA211020AF2129A61,"2017-03-27 22:47:00.559",USD,6460,6460,6460,0,1,1,0,1,2734-3805,NULL,NULL,NULL,NULL,11E71379F67E5630BCDA06616AC582AF,D768EE65EE49A8E8DC0720695AE54F64,...
11E71379F7E5C392A211020AF2129A61,"2017-03-27 22:47:02.969",USD,928,928,928,0,1,1,0,1,2590-6179,NULL,NULL,NULL,NULL,11E71379F7EE0B3DBCDA06616AC582AF,805C6D3E0BEF6ABED1FC383EC42B9552,...
11E71379F9CFB89CA211020AF2129A61,"2017-03-27 22:47:06.693",USD,15960,15960,15960,0,1,1,0,1,2743-2637,NULL,NULL,NULL,NULL,11E71379FA264801BCDA06616AC582AF,B0A7D473EB7B0C787EAFFF0E5781C071,...
11E71379FB8E0B37A211020AF2129A61,"2017-03-27 22:47:09.530",USD,26336,26336,26336,0,1,1,0,1,2051-0382,NULL,NULL,NULL,NULL,11E71379FBD73395BCDA06616AC582AF,B35E0539F90DFB0AF0F00839B8006F61,...
11E71379FF3BD034A211020AF2129A61,"2017-03-27 22:47:15.851",USD,17646,17646,17646,0,1,1,0,1,2380-7190,NULL,NULL,NULL,NULL,11E71379FF9BA7FFBCDA06616AC582AF,AD6A81C52945A43D9EE752707924C90D,...
11E7137A028D45CFA211020AF2129A61,"2017-03-27 22:47:21.200",USD,22675,22675,22675,0,1,1,0,1,2335-4061,NULL,NULL,NULL,NULL,11E7137A02CBD898BCDA06616AC582AF,B3CC491787BF9E0C83EFC62EBAA8AD84,...
11E7137A06A3DF48A211020AF2129A61,"2017-03-27 22:47:28.216",USD,14640,14640,14640,0,1,1,0,1,2904-8829,NULL,NULL,NULL,NULL,11E7137A06FA7605BCDA06616AC582AF,97EDAA335016C839A5D561EDB7C41FD9,...
11E7137A08AEA3A8A211020AF2129A61,"2017-03-27 22:47:31.619",USD,31072,31072,31072,0,1,1,0,1,2208-9652,NULL,NULL,NULL,NULL,11E7137A0901A744BCDA06616AC582AF,71917A4AB07220B88D5F8D452A709250,...
11E7137A0D7097D1A211020AF2129A61,"2017-03-27 22:47:39.661",USD,18453,18453,18453,0,1,1,0,1,2074-4409,NULL,NULL,NULL,NULL,11E7137A0DCCAFCDBCDA06616AC582AF,FB2D0FB13CFF96B4D13316825FFAFC0B,...
11E7137A0F9EC2CCA211020AF2129A61,"2017-03-27 22:47:43.151",USD,20533,20533,20533,0,1,1,0,1,2102-2464,NULL,NULL,NULL,NULL,11E7137A0FE14E59BCDA06616AC582AF,B21C88ACEE86B7020BC4EADDC5D2F0A8,...
11E7137A1416B6BAA211020AF2129A61,"2017-03-27 22:47:50.686",USD,19888,19888,19888,0,1,1,0,1,2953-5966,NULL,NULL,NULL,NULL,11E7137A145F18D1BCDA06616AC582AF,EE8C188A0CAC69417B9E40C29B9EFA8D,...
11E7137A15ED99AAA211020AF2129A61,"2017-03-27 22:47:53.634",USD,14547,14547,14547,0,1,1,0,1,2135-2860,NULL,NULL,NULL,NULL,11E7137A1620F4A9BCDA06616AC582AF,18E4ED82DF94793338C74E9D2C6B163E,...
11E7137A193AC8E3A211020AF2129A61,"2017-03-27 22:47:59.090",USD,7094,7094,7094,0,1,1,0,1,2121-4547,NULL,NULL,NULL,NULL,11E7137A196170B1BCDA06616AC582AF,3D769563CDA9B762BC15A6C3595A993A,...
11E7137A19EC654EA211020AF2129A61,"2017-03-27 22:48:00.356",USD,9103,9103,9103,0,1,1,0,1,2797-0825,NULL,NULL,NULL,NULL,11E7137A1A229D2DBCDA06616AC582AF,12192B9268944AC2D31ADF745604915C,...
11E7137A1C3877F9A211020AF2129A61,"2017-03-27 22:48:04.602",USD,5900,5900,5900,0,1,1,0,1,2669-0001,NULL,"2016-03-22 08:36:32","2016-04-05 08:36:32",NULL,11E7137A1CAA4261BCDA06616AC582AF,B1463DD41C32193CC3F168B964744ACC,...
11E7137A1E6DF591A211020AF2129A61,"2017-03-27 22:48:08.064",USD,14527,14527,14527,0,1,1,0,1,2794-1893,NULL,NULL,NULL,NULL,11E7137A1EBACF48BCDA06616AC582AF,E350D01C0B7518010C3EDAA433134A71,...
11E7137A1FE294C6A211020AF2129A61,"2017-03-27 22:48:10.424",USD,21178,21178,21178,0,1,1,0,1,2199-5334,NULL,NULL,NULL,NULL,11E7137A2022B693BCDA06616AC582AF,CDFCA04584B9A20BECED4BCC413AF3DB,...
11E7137A2489120FA211020AF2129A61,"2017-03-27 22:48:18.174",USD,21721,21721,21721,0,1,1,0,1,2162-3219,NULL,NULL,NULL,NULL,11E7137A24C15FBCBCDA06616AC582AF,A9F4CCE3CF6C398A0AC33EAC982AF86F,...
11E7137A262360C6A211020AF2129A61,"2017-03-27 22:48:21.099",USD,17260,17260,17260,0,1,1,0,1,2230-3512,NULL,NULL,NULL,NULL,11E7137A267FBB3DBCDA06616AC582AF,17ACC7593A9D094EECD3EE7AD3027DA4,...
11E7137A2AB14D94A211020AF2129A61,"2017-03-27 22:48:28.518",USD,18204,18204,18204,0,1,1,0,1,2997-8731,NULL,NULL,NULL,NULL,11E7137A2AEBCA97BCDA06616AC582AF,273402DC61F5012CE72ECA0BE9B156A9,...
11E7137A2C232C94A211020AF2129A61,"2017-03-27 22:48:31.030",USD,16410,16410,16410,0,1,1,0,1,2399-7250,NULL,NULL,NULL,NULL,11E7137A2C6B1719BCDA06616AC582AF,AE2063D164A9E9BAE4ABD7D3C6602DC5,...
11E7137A30ABC25DA211020AF2129A61,"2017-03-27 22:48:39.230",USD,17997,17997,17997,0,1,1,0,1,2454-0618,NULL,NULL,NULL,NULL,11E7137A314E64D7BCDA06616AC582AF,75D90A260FCFCBA968A90F2A140C6A65,...
11E7137A3280D016A211020AF2129A61,"2017-03-27 22:48:41.592",USD,15203,15203,15203,0,1,1,0,1,2485-4037,NULL,NULL,NULL,NULL,11E7137A32B6AADABCDA06616AC582AF,BF7710C6A9ADEDF99FAFF170F0DDF0E0,...
11E7137A36A3ECE2A211020AF2129A61,"2017-03-27 22:48:52.553",USD,14291,14291,14291,0,1,1,0,1,2323-6226,NULL,NULL,NULL,NULL,11E7137A393F34DABCDA06616AC582AF,F899F2D33581503FF81E345FAED636C7,...
11E7137A37BA8D33A211020AF2129A61,"2017-03-27 22:48:50.388",USD,16585,16585,16585,0,1,1,0,1,2368-9303,NULL,NULL,NULL,NULL,11E7137A37F4E3B6BCDA06616AC582AF,AB427A90587BAB9F935DAE8AE626EE3D,...
11E7137A3C7F8FF5A211020AF2129A61,"2017-03-27 22:48:58.382",USD,8625,8625,8625,0,1,1,0,1,2150-8450,NULL,NULL,NULL,NULL,11E7137A3CB8A4E5BCDA06616AC582AF,8173F337F8D0F4A55B79F55C974DC9A4,...
11E7137A3DCBE586A211020AF2129A61,"2017-03-27 22:49:00.453",USD,9098,9098,9098,0,1,1,0,1,2514-3132,NULL,NULL,NULL,NULL,11E7137A3DF48E87BCDA06616AC582AF,A577A805D1C125C62A9E08CA0A82F9F3,...
11E7137A3FEB4390A211020AF2129A61,"2017-03-27 22:49:03.785",USD,834,834,834,0,1,1,0,1,2930-3176,NULL,NULL,NULL,NULL,11E7137A3FF118A0BCDA06616AC582AF,2C60C4D67F5255AA50424E2956F51A85,...
11E7137A40084191A211020AF2129A61,"2017-03-27 22:49:03.994",USD,1036,1036,1036,0,1,1,0,1,2253-5422,NULL,NULL,NULL,NULL,11E7137A4010EFC4BCDA06616AC582AF,92B38950A4779D0AC95C4E90F3F456B9,...
11E7137A41E27EF9A211020AF2129A61,"2017-03-27 22:49:07.857",USD,18688,18688,18688,0,1,1,0,1,2006-4414,NULL,NULL,NULL,NULL,11E7137A425E5DD8BCDA06616AC582AF,A0CF99C5C101DFBF0BD09C30CBB1A729,...
11E7137A447E392BA211020AF2129A61,"2017-03-27 22:49:12.042",USD,37016,37016,37016,0,1,1,0,1,2950-4822,NULL,NULL,NULL,NULL,11E7137A44DCF587BCDA06616AC582AF,1465FB07A36E56F5B7DEF40F3C89ECDA,...
11E7137A48D4741FA211020AF2129A61,"2017-03-27 22:49:18.708",USD,0,0,0,0,1,1,0,0,NULL,NULL,"2016-04-13 09:36:15","2016-04-13 09:36:15",NULL,11E7137A48D5C160BCDA06616AC582AF,CDE9F9884D339D7E938AC86066D4ABCB,...
11E7137A49C90C69A211020AF2129A61,"2017-03-27 22:49:20.847",USD,24587,24587,24587,0,1,1,0,1,2626-4470,NULL,NULL,NULL,NULL,11E7137A4A1C9E17BCDA06616AC582AF,823B9AD7029238DA89C3B089F3646581,...
11E7137A4BE1DA89A211020AF2129A61,"2017-03-27 22:49:24.440",USD,13920,13920,13920,0,1,1,0,1,2725-7265,NULL,NULL,NULL,NULL,11E7137A4C40CE6EBCDA06616AC582AF,86E908269FDF361B346D1F18421C00D8,...
11E7137A5289A662A211020AF2129A61,"2017-03-27 22:49:35.563",USD,27258,27258,27258,0,1,1,0,1,2044-1066,NULL,NULL,NULL,NULL,11E7137A52E20739BCDA06616AC582AF,B2FCEFF45B0FA8695E3D897BC96A082A,...
11E7137A54880E9DA211020AF2129A61,"2017-03-27 22:49:38.868",USD,16180,16180,16180,0,1,1,0,1,2003-9753,NULL,NULL,NULL,NULL,11E7137A54DA5AB2BCDA06616AC582AF,8E8C09E26C476D784108F5FADF543118,...
11E7137A5980556FA211020AF2129A61,"2017-03-27 22:49:47.586",USD,32591,32591,32591,0,1,1,0,1,2870-0652,NULL,NULL,NULL,NULL,11E7137A5A0C9107BCDA06616AC582AF,47E9069579716A9AFB4ECBE7D91605F9,...
11E7137A5C6B676EA211020AF2129A61,"2017-03-27 22:49:52.294",USD,24453,24453,24453,0,1,1,0,1,2791-6605,NULL,NULL,NULL,NULL,11E7137A5CDB0706BCDA06616AC582AF,E390DA96B9C95AE84646F8001B357C02,...
11E7137A617FC2BFA211020AF2129A61,"2017-03-27 22:50:00.649",USD,15270,15270,15270,0,1,1,0,1,2029-6739,NULL,NULL,NULL,NULL,11E7137A61D5C498BCDA06616AC582AF,1DF12F4A699959BB5F3A231FFE1C2DE0,...
11E7137A63B0D2F0A211020AF2129A61,"2017-03-27 22:50:04.450",USD,32418,32418,32418,0,1,1,0,1,2064-0587,NULL,NULL,NULL,NULL,11E7137A6419E2EBBCDA06616AC582AF,3CE77E2888C2BC55463DF2BBB228D41E,...
11E7137A67D96E7DA211020AF2129A61,"2017-03-27 22:50:11.189",USD,12928,12928,12928,0,1,1,0,1,2607-7199,NULL,NULL,NULL,NULL,11E7137A681E145DBCDA06616AC582AF,A3EF5F0A1DC8AE2ED52CB6070447AC34,...
11E7137A69183057A211020AF2129A61,"2017-03-27 22:50:13.178",USD,15437,15437,15437,0,1,1,0,1,2275-9434,NULL,NULL,NULL,NULL,11E7137A694D93BDBCDA06616AC582AF,01321C25A0B9B8281222620E8E164A38,...
11E7137A6C078746A211020AF2129A61,"2017-03-27 22:50:17.830",USD,2457,2457,2457,0,1,1,0,1,2141-0006,NULL,NULL,NULL,NULL,11E7137A6C13773DBCDA06616AC582AF,B6D26ACE6454A5375A7201552E8C1663,...
11E7137A6C354E45A211020AF2129A61,"2017-03-27 22:50:18.106",USD,1036,1036,1036,0,1,1,0,1,2479-2513,NULL,NULL,NULL,NULL,11E7137A6C3D8A8CBCDA06616AC582AF,3A5865AEAC87DB71E05FE1D8BA4128BC,...
11E7137A6EEA0E21A211020AF2129A61,"2017-03-27 22:50:23.369",USD,22700,22700,22700,0,1,1,0,1,2256-7756,NULL,NULL,NULL,NULL,11E7137A6F60ADEABCDA06616AC582AF,B28D695B63EC5E4189393D90D6D2371B,...
11E7137A7136E3DCA211020AF2129A61,"2017-03-27 22:50:27.090",USD,27563,27563,27563,0,1,1,0,1,2734-5631,NULL,NULL,NULL,NULL,11E7137A71985EA6BCDA06616AC582AF,63BA0BE7F1FEA6C7CF6131E9B4AE0172,...
11E7137A773CCB1EA211020AF2129A61,"2017-03-27 22:50:37.397",USD,22244,22244,22244,0,1,1,0,1,2980-7475,NULL,NULL,NULL,NULL,11E7137A77BD0926BCDA06616AC582AF,53D3FF8F3CB5122FE32D134EFA1A73CB,...
11E7137A79BBAD6FA211020AF2129A61,"2017-03-27 22:50:41.296",USD,27164,27164,27164,0,1,1,0,1,2790-5786,NULL,NULL,NULL,NULL,11E7137A7A1027BABCDA06616AC582AF,4F57A0F2610DD51421F89D36C622F9C5,...
11E7137A7ED1DC8EA211020AF2129A61,"2017-03-27 22:50:49.854",USD,14803,14803,14803,0,1,1,0,1,2572-6829,NULL,NULL,NULL,NULL,11E7137A7F29EA4BBCDA06616AC582AF,8529B70168DC78CEBBF6A205615B02AA,...
11E7137A818C9085A211020AF2129A61,"2017-03-27 22:50:54.350",USD,27301,27301,27301,0,1,1,0,1,2640-6122,NULL,NULL,NULL,NULL,11E7137A81D80522BCDA06616AC582AF,E8F128E56A33EB5780B3A8DD3C8632E3,...
11E7137A8717C844A211020AF2129A61,"2017-03-27 22:51:03.920",USD,21825,21825,21825,0,1,1,0,1,2898-8604,NULL,NULL,NULL,NULL,11E7137A878C3E88BCDA06616AC582AF,80AC9A742C338850F5EE1B491A552021,...
11E7137A88CAD01BA211020AF2129A61,"2017-03-27 22:51:06.367",USD,22912,22912,22912,0,1,1,0,1,2890-0118,NULL,NULL,NULL,NULL,11E7137A89019349BCDA06616AC582AF,19672C991E0B8166DA62133B057DBFDE,...
11E7137A8E0612CFA211020AF2129A61,"2017-03-27 22:51:15.256",USD,26415,26415,26415,0,1,1,0,1,2726-8940,NULL,NULL,NULL,NULL,11E7137A8E4DECDFBCDA06616AC582AF,7F41DA52B2B350BA901CDA9CFFC8C600,...
11E7137A8FD9250EA211020AF2129A61,"2017-03-27 22:51:18.407",USD,12560,12560,12560,0,1,1,0,1,2109-0114,NULL,NULL,NULL,NULL,11E7137A902ED9BBBCDA06616AC582AF,C46054CCA43DB15E388830C84A244A16,...
11E7137A94DD05BAA211020AF2129A61,"2017-03-27 22:51:26.591",USD,11606,11606,11606,0,1,1,0,1,2097-0638,NULL,NULL,NULL,NULL,11E7137A950F8563BCDA06616AC582AF,EF4DD749AA560EC3E77D044E633301FB,...
11E7137A968ADCB0A211020AF2129A61,"2017-03-27 22:51:29.332",USD,6095,6095,6095,0,1,1,0,1,2175-8241,NULL,NULL,NULL,NULL,11E7137A96B1D15DBCDA06616AC582AF,B51E174E9F90F9CD4F615AEAAF53F194,...
11E7137A989467B8A211020AF2129A61,"2017-03-27 22:51:32.538",USD,1900,1900,1900,0,1,1,0,1,2869-1304,NULL,"2016-03-25 17:11:51","2016-04-25 17:11:51",NULL,11E7137A989AC316BCDA06616AC582AF,F7C044924FB96D9DB910F2085AFADA4D,...
11E7137A98AE316BA211020AF2129A61,"2017-03-27 22:51:32.708",USD,606,606,606,0,1,1,0,1,2294-3866,NULL,NULL,NULL,NULL,11E7137A98B50727BCDA06616AC582AF,FDBF93C7E7E0308CCC52998AA9BFC0AA,...
11E7137A98F65E55A211020AF2129A61,"2017-03-27 22:51:33.173",USD,1252,1252,1252,0,1,1,0,1,2901-5548,NULL,NULL,NULL,NULL,11E7137A98FBE7C0BCDA06616AC582AF,95C2D6CD40889995CEF59477466B8F63,...
11E7137A9ADECDBDA211020AF2129A61,"2017-03-27 22:51:37.274",USD,32974,32974,32974,0,1,1,0,1,2302-5299,NULL,NULL,NULL,NULL,11E7137A9B6D9DE7BCDA06616AC582AF,3FA4002FACEA7FC52D38343C734926E8,...
11E7137A9D2BA34BA211020AF2129A61,"2017-03-27 22:51:40.730",USD,25627,25627,25627,0,1,1,0,1,2224-8584,NULL,NULL,NULL,NULL,11E7137A9D7D067FBCDA06616AC582AF,1F7FEB917B4C79E901E5DB2DCD848447,...
11E7137AA446CA76A211020AF2129A61,"2017-03-27 22:51:52.937",USD,19901,19901,19901,0,1,1,0,1,2989-6108,NULL,NULL,NULL,NULL,11E7137AA4C39BF1BCDA06616AC582AF,F3E5722ED10054A94EDD9E4688D6714D,...
11E7137AA7DF814BA211020AF2129A61,"2017-03-27 22:51:58.721",USD,33163,33163,33163,0,1,1,0,1,2984-7712,NULL,NULL,NULL,NULL,11E7137AA8361CE7BCDA06616AC582AF,486BA4F19CEF374C727F06E9B5B74F40,...
11E7137AAE1B6C0CA211020AF2129A61,"2017-03-27 22:52:09.156",USD,15716,15716,15716,0,1,1,0,1,2219-5660,NULL,NULL,NULL,NULL,11E7137AAE6E6A8EBCDA06616AC582AF,72C49F2A19C8A594735340E4404D8333,...
11E7137AB0F985E5A211020AF2129A61,"2017-03-27 22:52:13.813",USD,22089,22089,22089,0,1,1,0,1,2747-9283,NULL,NULL,NULL,NULL,11E7137AB135255EBCDA06616AC582AF,2A39100BCFCC105717E4A6ABBFFDF6E5,...
11E7137AB55F2A1DA211020AF2129A61,"2017-03-27 22:52:21.391",USD,36565,36565,36565,0,1,1,0,1,2924-5103,NULL,NULL,NULL,NULL,11E7137AB5B9691EBCDA06616AC582AF,A6539CC5DDB8D9A8F5A2E4E127B891C6,...
11E7137AB7184BACA211020AF2129A61,"2017-03-27 22:52:24.046",USD,16254,16254,16254,0,1,1,0,1,2759-6027,NULL,NULL,NULL,NULL,11E7137AB74E88C0BCDA06616AC582AF,7CABEEDC1895CE49ECCDE8A532C1F9C5,...
11E7137ABB7C4211A211020AF2129A61,"2017-03-27 22:52:35.751",USD,23847,23847,23847,0,1,1,0,1,2826-6126,NULL,NULL,NULL,NULL,11E7137ABE4888A7BCDA06616AC582AF,5E670AE409E71369A8ECD515D3C6D46C,...
11E7137ABCD4587AA211020AF2129A61,"2017-03-27 22:52:33.953",USD,17352,17352,17352,0,1,1,0,1,2526-5150,NULL,NULL,NULL,NULL,11E7137ABD36380CBCDA06616AC582AF,03B6589C68661B68B8FBC4CE4E14CE89,...
11E7137AC29F58A0A211020AF2129A61,"2017-03-27 22:52:43.296",USD,13919,13919,13919,0,1,1,0,1,2411-2207,NULL,NULL,NULL,NULL,11E7137AC2C7D482BCDA06616AC582AF,C26E7A0EBC3672D363B87E7BB327185F,...
11E7137AC3A0C315A211020AF2129A61,"2017-03-27 22:52:45.169",USD,11615,11615,11615,0,1,1,0,1,2703-7668,NULL,NULL,NULL,NULL,11E7137AC3E5949ABCDA06616AC582AF,3E05B8B049C046EFB4D3DF737D92ADE8,...
11E7137AC779B7EFA211020AF2129A61,"2017-03-27 22:52:51.218",USD,588,588,588,0,1,1,0,1,2995-6518,NULL,NULL,NULL,NULL,11E7137AC7807FDABCDA06616AC582AF,196B0C921F5452D9F303BD25AF0D63F0,...
11E7137AC78E9E9AA211020AF2129A61,"2017-03-27 22:52:51.364",USD,396,396,396,0,1,1,0,1,2416-5325,NULL,NULL,NULL,NULL,11E7137AC796E615BCDA06616AC582AF,03BADDB853F783B0D5734B5A258D45E8,...
11E7137AC8EA108EA211020AF2129A61,"2017-03-27 22:52:54.353",USD,21467,21467,21467,0,1,1,0,1,2584-7187,NULL,NULL,NULL,NULL,11E7137AC95EFE37BCDA06616AC582AF,4C410F8F107E495AF9A93F730510761E,...
11E7137ACAA8B037A211020AF2129A61,"2017-03-27 22:52:56.920",USD,26220,26220,26220,0,1,1,0,1,2390-5238,NULL,NULL,NULL,NULL,11E7137ACAE6AA18BCDA06616AC582AF,4E259B84A20062163A4B06AA6F13D086,...
11E7137AD157A790A211020AF2129A61,"2017-03-27 22:53:08.167",USD,27303,27303,27303,0,1,1,0,1,2416-6853,NULL,NULL,NULL,NULL,11E7137AD19AD104BCDA06616AC582AF,6BCB5DEF3FB9067599EE6DAD1ED989A0,...
11E7137AD4775E68A211020AF2129A61,"2017-03-27 22:53:13.698",USD,20029,20029,20029,0,1,1,0,1,2151-1152,NULL,NULL,NULL,NULL,11E7137AD4E6D96EBCDA06616AC582AF,AF0B225D451FEFD3D1AE786C60237379,...
11E7137ADBEB0582A211020AF2129A61,"2017-03-27 22:53:26.063",USD,16938,16938,16938,0,1,1,0,1,2427-2543,NULL,NULL,NULL,NULL,11E7137ADC459AB7BCDA06616AC582AF,08028E5E86A8A467F9D4E1CB61B29A54,...
11E7137ADD43DF21A211020AF2129A61,"2017-03-27 22:53:27.991",USD,13466,13466,13466,0,1,1,0,1,2662-2188,NULL,NULL,NULL,NULL,11E7137ADD6BBCCDBCDA06616AC582AF,3B9A9E1CA5C266772BC1EF681D90ADD4,...
11E7137AE1E505B6A211020AF2129A61,"2017-03-27 22:53:35.606",USD,14900,14900,14900,0,1,1,0,1,2703-5757,NULL,"2016-04-13 09:36:15","2016-05-05 23:59:59",NULL,11E7137AE1F57974BCDA06616AC582AF,6B9AA6958CB22CACA48AE530069A5E26,...
11E7137AE3CEAD5FA211020AF2129A61,"2017-03-27 22:53:39.359",USD,18808,18808,18808,0,1,1,0,1,2967-3279,NULL,NULL,NULL,NULL,11E7137AE4323DB4BCDA06616AC582AF,87D77F1DA4497F6024B970F8AE2C2D88,...
11E7137AE5849A81A211020AF2129A61,"2017-03-27 22:53:41.934",USD,16092,16092,16092,0,1,1,0,1,2656-1717,NULL,NULL,NULL,NULL,11E7137AE5BB33E2BCDA06616AC582AF,9391D9F31FC2AC94900B5CC5669D0D53,...
11E7137AF3557038A211020AF2129A61,"2017-03-27 22:54:07.013",USD,71430,71430,71430,0,1,1,0,1,2219-7495,NULL,NULL,NULL,NULL,11E7137AF4AE0D6DBCDA06616AC582AF,8711594B0E2CE6F3CF55D15C1FD0F725,...
11E7137AFBBCED60A211020AF2129A61,"2017-03-27 22:54:20.443",USD,86215,86215,86215,0,1,1,0,1,2084-4410,NULL,NULL,NULL,NULL,11E7137AFCAF58FDBCDA06616AC582AF,D3BFDFC1EE44184A9AF5B76659700447,...
11E7137B1683F0ADA211020AF2129A61,"2017-03-27 22:55:04.271",USD,14643,14643,14643,0,1,1,0,1,2045-6384,NULL,NULL,NULL,NULL,11E7137B16CEE6EFBCDA06616AC582AF,9814FE9161C944A1E1E5BA989DF72AA0,...
11E7137B1A9DBE10A211020AF2129A61,"2017-03-27 22:55:10.929",USD,12679,12679,12679,0,1,1,0,1,2172-0459,NULL,NULL,NULL,NULL,11E7137B1AC6DD56BCDA06616AC582AF,2E9625C3E6F50B9B46230A66195D9044,...
11E7137B1F0A8E3BA211020AF2129A61,"2017-03-27 22:55:18.533",USD,14738,14738,14738,0,1,1,0,1,2255-2384,NULL,NULL,NULL,NULL,11E7137B1F4F2897BCDA06616AC582AF,E2D48D46A8239B71033895CEC57E78AA,...
11E7137B215CE34EA211020AF2129A61,"2017-03-27 22:55:22.364",USD,20436,20436,20436,0,1,1,0,1,2408-4533,NULL,NULL,NULL,NULL,11E7137B2197914BBCDA06616AC582AF,6A55D19DDD4AE876AC0030FDE4886A81,...
11E7137B26C689CBA211020AF2129A61,"2017-03-27 22:55:31.336",USD,11014,11014,11014,0,1,1,0,1,2141-5768,NULL,NULL,NULL,NULL,11E7137B26F0BB55BCDA06616AC582AF,399E23280711216105C764E28CDD6AB8,...
11E7137B27C02C0DA211020AF2129A61,"2017-03-27 22:55:33.064",USD,11792,11792,11792,0,1,1,0,1,2824-6509,NULL,NULL,NULL,NULL,11E7137B27F85D73BCDA06616AC582AF,88A1D98E8D8D77793A846E55DE0537DC,...
11E7137B2ABACE05A211020AF2129A61,"2017-03-27 22:55:37.740",USD,690,690,690,0,1,1,0,1,2229-3370,NULL,NULL,NULL,NULL,11E7137B2AC1CA75BCDA06616AC582AF,9269395B129896C623F8AE2B8F2F6B3A,...
11E7137B2B0014B9A211020AF2129A61,"2017-03-27 22:55:38.204",USD,1020,1020,1020,0,1,1,0,1,2582-9023,NULL,NULL,NULL,NULL,11E7137B2B08AAC6BCDA06616AC582AF,477617F5DCE9537B351B9D6FC071D4DB,...
11E7137B2CDC9D0CA211020AF2129A61,"2017-03-27 22:55:41.969",USD,19428,19428,19428,0,1,1,0,1,2510-5448,NULL,NULL,NULL,NULL,11E7137B2D4728E2BCDA06616AC582AF,671C30857BBDC64CC121ABD742351C73,...
11E7137B300357F4A211020AF2129A61,"2017-03-27 22:55:47.296",USD,39349,39349,39349,0,1,1,0,1,2691-1702,NULL,NULL,NULL,NULL,11E7137B3073EE91BCDA06616AC582AF,B2EEC46D25C2F1B9AE1EFEB66EA70E06,...
11E7137B3D2DB4C5A211020AF2129A61,"2017-03-27 22:56:09.259",USD,35677,35677,35677,0,1,1,0,1,2448-7436,NULL,NULL,NULL,NULL,11E7137B3D8B3E6CBCDA06616AC582AF,304E360B40026B30344EA7B952D5B6BB,...
11E7137B3F563964A211020AF2129A61,"2017-03-27 22:56:12.756",USD,13702,13702,13702,0,1,1,0,1,2036-7411,NULL,NULL,NULL,NULL,11E7137B3FA0D60FBCDA06616AC582AF,97307CF3430F58A50D1EDB62868E43A9,...
11E7137B48C5D865A211020AF2129A61,"2017-03-27 22:56:28.546",USD,12605,12605,12605,0,1,1,0,1,2380-0447,NULL,NULL,NULL,NULL,11E7137B490A2DCEBCDA06616AC582AF,D9DFE998A4AF3474A7823E16C7D4CB87,...
11E7137B4B8B60D5A211020AF2129A61,"2017-03-27 22:56:33.393",USD,26931,26931,26931,0,1,1,0,1,2261-7345,NULL,NULL,NULL,NULL,11E7137B4BEDE004BCDA06616AC582AF,27CE77545D5564BF589A651510D4F6D7,...
11E7137B558209B7A211020AF2129A61,"2017-03-27 22:56:49.897",USD,21880,21880,21880,0,1,1,0,1,2942-4303,NULL,NULL,NULL,NULL,11E7137B55C40E98BCDA06616AC582AF,3F692B0C23F75CFEE7121BB67CCA3AFE,...
11E7137B5AD4CC78A211020AF2129A61,"2017-03-27 22:56:58.782",USD,11624,11624,11624,0,1,1,0,1,2734-7443,NULL,NULL,NULL,NULL,11E7137B5B0FE9F7BCDA06616AC582AF,4D7998679AA731944E8341E3BF176070,...
11E7137B5F00C395A211020AF2129A61,"2017-03-27 22:57:05.759",USD,11216,11216,11216,0,1,1,0,1,2089-3314,NULL,NULL,NULL,NULL,11E7137B5F38733FBCDA06616AC582AF,CD83286DDEB51B5F2CD7F39E47EF14AA,...
11E7137B65DA4D5EA211020AF2129A61,"2017-03-27 22:57:17.312",USD,21447,21447,21447,0,1,1,0,1,2094-6751,NULL,NULL,NULL,NULL,11E7137B661B4B45BCDA06616AC582AF,CC8314591A43316F3551476E44D4E514,...
11E7137B69EF6066A211020AF2129A61,"2017-03-27 22:57:24.134",USD,12338,12338,12338,0,1,1,0,1,2635-8946,NULL,NULL,NULL,NULL,11E7137B6A2C22B6BCDA06616AC582AF,9D9F89458D09D909B200C4749DABC53B,...
11E7137B6E41A348A211020AF2129A61,"2017-03-27 22:57:31.299",USD,17186,17186,17186,0,1,1,0,1,2794-6745,NULL,NULL,NULL,NULL,11E7137B6E71A98BBCDA06616AC582AF,BA18707348696DBDAAC95DC22D327446,...
11E7137B709EA6DEA211020AF2129A61,"2017-03-27 22:57:35.013",USD,606,606,606,0,1,1,0,1,2810-3075,NULL,NULL,NULL,NULL,11E7137B70A845BCBCDA06616AC582AF,2DCA24D14959AA789AA24BD7C399043B,...
11E7137B7496461BA211020AF2129A61,"2017-03-27 22:57:42.197",USD,27851,27851,27851,0,1,1,0,1,2564-5960,NULL,NULL,NULL,NULL,11E7137B74F08201BCDA06616AC582AF,84B9F831328D8C04D465CC35CC70C654,...
11E7137B77B9587AA211020AF2129A61,"2017-03-27 22:57:47.307",USD,12553,12553,12553,0,1,1,0,1,2868-4853,NULL,NULL,NULL,NULL,11E7137B77FC35AABCDA06616AC582AF,5634C9484CB8ABC028CB225A2A3B0EC2,...
11E7137B7DD81E3EA211020AF2129A61,"2017-03-27 22:57:57.222",USD,24900,24900,24900,0,1,1,0,1,2040-0473,NULL,"2016-04-25 17:11:51","2016-05-25 17:11:51",NULL,11E7137B7DE4C8B0BCDA06616AC582AF,91249AF1081B1052C7BCE0B321694010,...
11E7137B7F360007A211020AF2129A61,"2017-03-27 22:58:00.207",USD,45541,45541,45541,0,1,1,0,1,2832-0106,NULL,NULL,NULL,NULL,11E7137B7FACA4B8BCDA06616AC582AF,60C516912FA0A97C1029269F77CA7D3A,...
11E7137B812FFB4BA211020AF2129A61,"2017-03-27 22:58:03.225",USD,10797,10797,10797,0,1,1,0,1,2099-7476,NULL,NULL,NULL,NULL,11E7137B81792E74BCDA06616AC582AF,D92D995ABA463A3E180BB2EC14D636A8,...
11E7137B8E284BD9A211020AF2129A61,"2017-03-27 22:58:25.032",USD,29301,29301,29301,0,1,1,0,1,2023-6714,NULL,NULL,NULL,NULL,11E7137B8E78A0D5BCDA06616AC582AF,7CE4408FD8D61B0D46E81C4EEBB669E4,...
11E7137B8FD697BAA211020AF2129A61,"2017-03-27 22:58:27.769",USD,13615,13615,13615,0,1,1,0,1,2354-5201,NULL,NULL,NULL,NULL,11E7137B901A32B5BCDA06616AC582AF,121BA0C0AD90038CFF265895EF6EAC45,...
11E7137B970FA75DA211020AF2129A61,"2017-03-27 22:58:40.031",USD,13317,13317,13317,0,1,1,0,1,2347-5039,NULL,NULL,NULL,NULL,11E7137B976939AFBCDA06616AC582AF,2D36EAA2B37D3016E0405E464E951EFA,...
11E7137B98C48315A211020AF2129A61,"2017-03-27 22:58:42.892",USD,30703,30703,30703,0,1,1,0,1,2813-1556,NULL,NULL,NULL,NULL,11E7137B991DC354BCDA06616AC582AF,2879491EE6FE326A934C9B5952B1CD95,...
11E7137BA1F2ABFCA211020AF2129A61,"2017-03-27 22:58:58.104",USD,14292,14292,14292,0,1,1,0,1,2907-1717,NULL,NULL,NULL,NULL,11E7137BA22F0A2EBCDA06616AC582AF,C1BCB4514A9E5AC20F38078D8252F8F3,...
11E7137BA6F1F85DA211020AF2129A61,"2017-03-27 22:59:06.727",USD,31293,31293,31293,0,1,1,0,1,2773-2379,NULL,NULL,NULL,NULL,11E7137BA752BD52BCDA06616AC582AF,F2762BB91504643951DA9678585F98C3,...
11E7137BAC547279A211020AF2129A61,"2017-03-27 22:59:15.507",USD,14901,14901,14901,0,1,1,0,1,2183-0899,NULL,NULL,NULL,NULL,11E7137BAC8E57F4BCDA06616AC582AF,330A8AFBC724B2683F51284A13EC1013,...
11E7137BAE768F6CA211020AF2129A61,"2017-03-27 22:59:18.993",USD,11312,11312,11312,0,1,1,0,1,2008-5440,NULL,NULL,NULL,NULL,11E7137BAEA249D9BCDA06616AC582AF,23F7A2D7AE757CC6427490EAC2AF07AC,...
11E7137BB2931C74A211020AF2129A61,"2017-03-27 22:59:25.641",USD,699,699,699,0,1,1,0,1,2247-4720,NULL,NULL,NULL,NULL,11E7137BB298DA5FBCDA06616AC582AF,B399E6FF53AC06F3DD2BD629F51697FA,...
11E7137BB2A9FFEFA211020AF2129A61,"2017-03-27 22:59:25.800",USD,588,588,588,0,1,1,0,1,2061-1199,NULL,NULL,NULL,NULL,11E7137BB2B11540BCDA06616AC582AF,213C298B5A150105E519F1E1B3C6DAB2,...
11E7137BBA0B7EC2A211020AF2129A61,"2017-03-27 22:59:38.725",USD,20327,20327,20327,0,1,1,0,1,2702-4594,NULL,NULL,NULL,NULL,11E7137BBA654F24BCDA06616AC582AF,5A1C6EC611E50CA9EF4B3984FCFEE1A3,...
11E7137BBCE0227AA211020AF2129A61,"2017-03-27 22:59:43.541",USD,37057,37057,37057,0,1,1,0,1,2113-6390,NULL,NULL,NULL,NULL,11E7137BBD4422BFBCDA06616AC582AF,3EE1F6365A3FE5FBCB590616C6FD26D0,...
11E7137BC595BF7BA211020AF2129A61,"2017-03-27 22:59:58.171",USD,39421,39421,39421,0,1,1,0,1,2097-1992,NULL,NULL,NULL,NULL,11E7137BC5FC6C6EBCDA06616AC582AF,F573060AAE0DFEF0BB9843B4E243ADED,...
11E7137BCF805A20A211020AF2129A61,"2017-03-27 23:00:14.813",USD,17783,17783,17783,0,1,1,0,1,2815-0654,NULL,NULL,NULL,NULL,11E7137BCFE7E58DBCDA06616AC582AF,6D1774F691A5DC6E7E98B535B1FABEE3,...
11E7137BD80DD604A211020AF2129A61,"2017-03-27 23:00:28.942",USD,10241,10241,10241,0,1,1,0,1,2823-6822,NULL,NULL,NULL,NULL,11E7137BD853AD9BBCDA06616AC582AF,E337F869134408DFAE152FA150382FD8,...
11E7137BDC990418A211020AF2129A61,"2017-03-27 23:00:37.127",USD,26640,26640,26640,0,1,1,0,1,2407-9005,NULL,NULL,NULL,NULL,11E7137BDD32034EBCDA06616AC582AF,C72E8B74CFE349B7CD9E212064A610CE,...
11E7137BE422A49EA211020AF2129A61,"2017-03-27 23:00:49.213",USD,25723,25723,25723,0,1,1,0,1,2601-0351,NULL,NULL,NULL,NULL,11E7137BE468E64ABCDA06616AC582AF,49DF8D99659B1654DF00213CBADB79C3,...
11E7137BE6F65DA8A211020AF2129A61,"2017-03-27 23:00:53.962",USD,13704,13704,13704,0,1,1,0,1,2299-3535,NULL,NULL,NULL,NULL,11E7137BE73CC9D0BCDA06616AC582AF,98DD20C2D758A622B05EBC87467D023D,...
11E7137BF2478D31A211020AF2129A61,"2017-03-27 23:01:12.907",USD,20527,20527,20527,0,1,1,0,1,2798-2030,NULL,NULL,NULL,NULL,11E7137BF2882F49BCDA06616AC582AF,94C0A54F1AA14939D9C811C9BF631E4B,...
11E7137BF38F76DDA211020AF2129A61,"2017-03-27 23:01:14.990",USD,8695,8695,8695,0,1,1,0,1,2047-5253,NULL,NULL,NULL,NULL,11E7137BF3C61A04BCDA06616AC582AF,F0AC08E3287D8DEBCC04BEB0F0192019,...
11E7137BF6D37E0FA211020AF2129A61,"2017-03-27 23:01:20.250",USD,14900,14900,14900,0,1,1,0,1,2703-8338,NULL,"2016-05-05 23:59:59","2016-06-05 23:59:59",NULL,11E7137BF6E88C27BCDA06616AC582AF,7FB991F094F2A4D0C568806C51B245D5,...
11E7137BF9D46238A211020AF2129A61,"2017-03-27 23:01:25.237",USD,1566,1566,1566,0,1,1,0,1,2496-5608,NULL,NULL,NULL,NULL,11E7137BF9E1ACECBCDA06616AC582AF,C0E4551EB8EE1269E15D168D8115BE28,...
11E7137BFEB10A6FA211020AF2129A61,"2017-03-27 23:01:33.803",USD,11841,11841,11841,0,1,1,0,1,2227-9968,NULL,NULL,NULL,NULL,11E7137BFEFCBF94BCDA06616AC582AF,754F7B2EE0FB63F294E29345106F2D67,...
11E7137C00CBFB58A211020AF2129A61,"2017-03-27 23:01:37.358",USD,32694,32694,32694,0,1,1,0,1,2767-4353,NULL,NULL,NULL,NULL,11E7137C011B3BE2BCDA06616AC582AF,780D6735321FF8448DDD81BB48E1CAC1,...
11E7137CD6CD4A6DA211020AF2129A61,"2017-03-27 23:07:35.920",USD,24900,24900,24900,0,1,1,0,1,2748-5859,NULL,"2016-05-25 17:11:51","2016-06-25 17:11:51",NULL,11E7137CD6D339E8BCDA06616AC582AF,FBF13F84FDB5BA8124C4833E97F0C58F,...
11E7137D2C3AF344A211020AF2129A61,"2017-03-27 23:09:59.306",USD,14900,14900,14900,0,1,1,0,1,2078-5668,NULL,"2016-06-05 23:59:59","2016-07-05 23:59:59",NULL,11E7137D2C4A118DBCDA06616AC582AF,1F44BFD1599FD439175DDCB85027912F,...
11E7137DBD7265E7A211020AF2129A61,"2017-03-27 23:14:02.845",USD,0,0,0,0,1,1,0,0,NULL,NULL,"2016-06-25 17:11:51","2016-07-22 16:35:24",NULL,11E7137DBD72D724BCDA06616AC582AF,C90425CC0B604CC825E0765ADDA35711,...
11E7137DD590B6DBA211020AF2129A61,"2017-03-27 23:14:43.460",USD,24900,24900,24900,0,1,1,0,1,2170-0138,NULL,"2016-06-25 17:11:51","2016-07-25 17:11:51",NULL,11E7137DD5A89B1BBCDA06616AC582AF,0DF9F35D8B6DE5E076E27A94C42DE67A,...
11E7137DE2C28CA6A211020AF2129A61,"2017-03-27 23:15:05.447",USD,0,0,0,0,1,1,0,0,NULL,NULL,"2016-07-05 23:59:59","2016-07-27 11:30:53",NULL,11E7137DE2C38984BCDA06616AC582AF,DA46DFFAFB45740F9EAF30FBF619DF46,...
11E7137DFE98DD46A211020AF2129A61,"2017-03-27 23:15:52.240",USD,15000,15000,15000,0,1,1,0,1,2499-4687,NULL,"2016-07-22 16:35:24","2016-07-29 23:59:59",NULL,11E7137DFEA79E4BBCDA06616AC582AF,51747C79258EED63FD8599553568001F,...
11E7137E1B8BE732A211020AF2129A61,"2017-03-27 23:16:41.077",USD,15000,15000,15000,0,1,1,0,1,2568-5859,NULL,"2016-07-27 11:30:53","2016-08-03 11:30:53",NULL,11E7137E1BC39E17BCDA06616AC582AF,C1F6C1A2DB9C067794431AE7F66AEB9A,...
11E7137E386AF488A211020AF2129A61,"2017-03-27 23:17:29.246",USD,14900,14900,14900,0,1,1,0,1,2901-6924,NULL,"2016-07-05 23:59:59","2016-08-05 23:59:59",NULL,11E7137E3879A569BCDA06616AC582AF,9D85A48AF00CF6025BAF979EA146D1D3,...
11E7137EE897F866A211020AF2129A61,"2017-03-27 23:22:24.772",USD,24900,24900,24900,0,1,1,0,1,2533-6820,NULL,"2016-07-25 17:11:51","2016-08-25 17:11:51",NULL,11E7137EE89F3C28BCDA06616AC582AF,F0F663CC7E832D1167CBC79E4FBFD000,...
11E7137F04FCCCC1A211020AF2129A61,"2017-03-27 23:23:12.461",USD,15000,15000,15000,0,1,1,0,1,2248-7028,NULL,"2016-07-29 23:59:59","2016-08-28 23:59:59",NULL,11E7137F050C21A3BCDA06616AC582AF,0F3FF1AB6553AB7BD3023F8F7838D623,...
11E7137F37DA3188A211020AF2129A61,"2017-03-27 23:24:37.904",USD,15000,15000,15000,0,1,1,0,1,2889-3367,NULL,"2016-08-03 11:30:53","2016-09-02 11:30:53",NULL,11E7137F37F9AF0CBCDA06616AC582AF,6B943C7B82FAF7960CE07C5967863C8B,...
11E7137F571619E0A211020AF2129A61,"2017-03-27 23:25:30.296",USD,14900,14900,14900,0,1,1,0,1,2472-1130,NULL,"2016-08-05 23:59:59","2016-09-05 23:59:59",NULL,11E7137F5733F95EBCDA06616AC582AF,A85A2971A1B087D9D32B763BDA20A631,...
11E713803074505CA211020AF2129A61,"2017-03-27 23:31:34.822",USD,24900,24900,24900,0,1,1,0,1,2541-0361,NULL,"2016-08-25 17:11:51","2016-09-25 17:11:51",NULL,11E71380307A3266BCDA06616AC582AF,63A120D44538CE0E6D9A186A09DA3428,...
11E713804257EF49A211020AF2129A61,"2017-03-27 23:32:04.931",USD,15000,15000,15000,0,1,1,0,1,2766-7135,NULL,"2016-08-28 23:59:59","2016-09-27 23:59:59",NULL,11E71380426C74BFBCDA06616AC582AF,303D2AAB658D62A0CE854D06853C2A74,...
11E713805BDE34A7A211020AF2129A61,"2017-03-27 23:32:47.656",USD,60000,60000,60000,0,1,1,0,1,2321-4489,NULL,"2016-09-30 07:45:58","2016-09-30 07:45:58",NULL,11E713805BE3E724BCDA06616AC582AF,5E50D375F29B2E0FF10D2E957EEC3A8D,...
11E713805C9835C9A211020AF2129A61,"2017-03-27 23:32:48.845",USD,0,0,0,0,1,1,0,0,NULL,NULL,"2016-09-30 11:51:56","2016-09-30 11:51:56",NULL,11E713805C992B65BCDA06616AC582AF,678536EB6D7AEC6D05F72E5593F96C06,...
11E713805CC95727A211020AF2129A61,"2017-03-27 23:32:49.167",USD,0,0,0,0,1,1,0,0,NULL,NULL,"2016-09-30 11:51:56","2016-09-30 12:46:14",NULL,11E713805CCA4346BCDA06616AC582AF,893774ACBB58B7BAF93F9936A9279059,...
11E713807753ED93A211020AF2129A61,"2017-03-27 23:33:33.784",USD,15000,15000,15000,0,1,1,0,1,2907-0012,NULL,"2016-09-02 11:30:53","2016-10-02 11:30:53",NULL,11E71380776273CCBCDA06616AC582AF,95F5B00CDB81DB9234133ED801ED8714,...
11E71380A0893E82A211020AF2129A61,"2017-03-27 23:34:42.921",USD,14900,14900,14900,0,1,1,0,1,2242-9669,NULL,"2016-09-05 23:59:59","2016-10-05 23:59:59",NULL,11E71380A097D326BCDA06616AC582AF,088FCD6A8D110C7DC2CF8DBD8C71C857,...
11E713816867EEEAA211020AF2129A61,"2017-03-27 23:40:18.373",USD,24900,24900,24900,0,1,1,0,1,2042-2521,NULL,"2016-09-25 17:11:51","2016-10-25 17:11:51",NULL,11E713816889C9FBBCDA06616AC582AF,279CBC1330D5548FE012FC06F9B668C5,...
11E713818124067DA211020AF2129A61,"2017-03-27 23:40:59.890",USD,15000,15000,15000,0,1,1,0,1,2755-1128,NULL,"2016-09-27 23:59:59","2016-10-27 23:59:59",NULL,11E713818148CFADBCDA06616AC582AF,5DE30D04E10EF16748F7317042628EFF,...
11E713819911AA9BA211020AF2129A61,"2017-03-27 23:41:40.033",USD,60000,60000,60000,0,1,1,0,1,2549-3586,NULL,"2016-09-30 07:45:58","2016-10-30 07:45:58",NULL,11E713819936280EBCDA06616AC582AF,F1FE7ABC6A0BD2FBF04E8BD33B93A36E,...
11E71381A8892B47A211020AF2129A61,"2017-03-27 23:42:05.782",USD,15000,15000,15000,0,0,1,1,0,NULL,NULL,"2016-09-30 12:46:14","2016-10-31 23:59:59",NULL,11E71381A88F0D1EBCDA06616AC582AF,AADCA7199828C7EB93D0595B7811B29B,...
11E71381A9A8A489A211020AF2129A61,"2017-03-27 23:42:07.983",USD,15000,15000,15000,0,1,1,0,1,2293-4121,NULL,"2016-10-02 11:30:53","2016-11-01 11:30:53",NULL,11E71381A9DEFE3DBCDA06616AC582AF,6DFBA0366ED31F754486D081F9009B66,...
11E71381B6442EDBA211020AF2129A61,"2017-03-27 23:42:28.848",USD,14900,14900,14900,0,0,1,1,0,NULL,NULL,"2016-09-30 11:51:56","2016-11-01 23:59:59",NULL,11E71381B64E9AD0BCDA06616AC582AF,3718DD6B8A2D1BE45BE743ED53B15576,...
11E71381E9EB250CA211020AF2129A61,"2017-03-27 23:43:55.652",USD,14900,14900,14900,0,1,1,0,1,2814-9933,NULL,"2016-10-05 23:59:59","2016-11-05 23:59:59",NULL,11E71381EA0BF151BCDA06616AC582AF,33A4A28BD31291ADA040AE836B2789D2,...
11E71382AB376591A211020AF2129A61,"2017-03-27 23:49:19.776",USD,24900,24900,24900,0,1,1,0,1,2918-0505,NULL,"2016-10-25 17:11:51","2016-11-25 16:11:51",NULL,11E71382AB3D41F3BCDA06616AC582AF,1619BA7B5D419752918E48C3D53AF8BD,...
11E71382B4318589A211020AF2129A61,"2017-03-27 23:49:34.836",USD,15000,15000,15000,0,1,1,0,1,2330-4635,NULL,"2016-10-27 23:59:59","2016-11-26 22:59:59",NULL,11E71382B4374BD0BCDA06616AC582AF,A13E7D76B67508647BFEFA8F40466A28,...
11E71382BCBA9557A211020AF2129A61,"2017-03-27 23:49:49.165",USD,42541,42541,42541,0,1,1,0,1,2338-4074,NULL,"2016-11-28 17:41:12","2016-11-28 17:41:12",NULL,11E71382BCC1B112BCDA06616AC582AF,00B2B7F9530FBD66EDDDB68368639FAF,...
11E71382D70402ECA211020AF2129A61,"2017-03-27 23:50:33.258",USD,60000,60000,60000,0,0,1,1,0,NULL,NULL,"2016-10-30 07:45:58","2016-11-30 06:45:58",NULL,11E71382D709C816BCDA06616AC582AF,A871267281B6BE283DE4D8DADC355B35,...
11E71382F195C4FFA211020AF2129A61,"2017-03-27 23:51:17.833",USD,15000,15000,15000,0,0,1,1,0,NULL,NULL,"2016-10-31 23:59:59","2016-11-30 22:59:59",NULL,11E71382F19B7BEFBCDA06616AC582AF,B07E79F5661327F9FE5EBC564DDD139B,...
11E71382F2DC0154A211020AF2129A61,"2017-03-27 23:51:20.460",USD,15000,15000,15000,0,1,1,0,1,2663-8663,NULL,"2016-11-01 11:30:53","2016-12-01 10:30:53",NULL,11E71382F32C4ABABCDA06616AC582AF,D1B383805C6FD48D75404B1386599E13,...
11E7138305F03061A211020AF2129A61,"2017-03-27 23:51:52.026",USD,14900,14900,49900,0,0,1,1,0,NULL,NULL,"2016-11-01 23:59:59","2016-12-01 22:59:59",NULL,11E7138305FCE802BCDA06616AC582AF,4126D91D337906CC24990F6943694F0B,...
11E713834189C216A211020AF2129A61,"2017-03-27 23:53:31.942",USD,0,0,0,0,1,1,0,0,NULL,NULL,"2016-11-30 06:45:58","2016-12-05 22:41:46",NULL,11E71383418AA8E7BCDA06616AC582AF,EB41A54272F7BCDB73FA86819B769F1D,...
11E7138341BBA7B8A211020AF2129A61,"2017-03-27 23:53:32.529",USD,14900,14900,14900,0,1,1,0,1,2115-0619,NULL,"2016-11-05 23:59:59","2016-12-05 22:59:59",NULL,11E7138341E45939BCDA06616AC582AF,EB81864F02BF58B03E8E811D611F0F15,...
11E7138609242B4DA211020AF2129A61,"2017-03-28 00:13:25.871",USD,64900,64900,64900,0,1,1,0,1,2948-5946,NULL,"2016-11-28 17:41:12","2016-12-28 17:41:12",NULL,11E71386092DEDE6BCDA06616AC582AF,5BCD25E17C2AF3A726306CE39DAF54EC,...
11E713864F2E0208A211020AF2129A61,"2017-03-28 00:15:23.384",USD,60000,60000,60000,0,0,1,1,0,NULL,NULL,"2016-11-30 06:45:58","2016-12-30 06:45:58",NULL,11E713864F38ED92BCDA06616AC582AF,4D3F8EA23844FAB076E7949BB572C96B,...
11E7138674617992A211020AF2129A61,"2017-03-28 00:16:25.787",USD,15000,15000,15000,0,0,1,1,0,NULL,NULL,"2016-11-30 22:59:59","2016-12-30 22:59:59",NULL,11E71386746AE26DBCDA06616AC582AF,6B986E96A9C47116719423D1CB446E0F,...
11E713867608E832A211020AF2129A61,"2017-03-28 00:16:28.537",USD,15000,15000,15000,0,1,1,0,1,2754-7562,NULL,"2016-12-01 10:30:53","2016-12-31 10:30:53",NULL,11E71386760E93D8BCDA06616AC582AF,E7E2D74D80DED7A36FC9ED55541D50DA,...
11E713868310A1FEA211020AF2129A61,"2017-03-28 00:16:50.590",USD,14900,14900,49900,0,0,0,0,0,NULL,"2017-01-01 00:00:59","2016-12-01 22:59:59","2016-12-31 22:59:59",NULL,11E713868332DC88BCDA06616AC582AF,821126FFB9C92A663946FDBA39C7F285,...
11E713871DE63BB0A211020AF2129A61,"2017-03-28 00:21:10.235",USD,14900,14900,14900,0,1,1,0,1,2724-7834,NULL,"2016-12-05 22:59:59","2017-01-05 22:59:59",NULL,11E713871DF63C0BBCDA06616AC582AF,FD233223C6E41E46CABD8023445EBB77,...
11E71389670111C8A211020AF2129A61,"2017-03-28 00:37:31.811",USD,15000,15000,15000,0,1,1,0,1,2745-8915,NULL,"2016-12-28 17:41:12","2017-01-27 10:48:15",NULL,11E713896706C7FDBCDA06616AC582AF,542548BFECBCBF0FB2B7BD2574630AC2,...
11E713898064B461A211020AF2129A61,"2017-03-28 00:38:14.405",USD,64900,64900,64900,0,1,1,0,1,2205-7107,NULL,"2016-12-28 17:41:12","2017-01-27 17:41:12",NULL,11E71389806A3280BCDA06616AC582AF,513A1C2631FB1B45C07552DFB78EB6C8,...
11E71389A11E63EBA211020AF2129A61,"2017-03-28 00:39:09.309",USD,15000,15000,15000,0,0,1,1,0,NULL,NULL,"2016-12-30 22:59:59","2017-01-29 22:59:59",NULL,11E71389A123F479BCDA06616AC582AF,298F83CBD59EC51DB5FC9BD393553B2F,...
11E71389A146F9CAA211020AF2129A61,"2017-03-28 00:39:09.576",USD,60000,60000,60000,0,0,1,1,0,NULL,NULL,"2016-12-30 06:45:58","2017-01-30 06:45:58",NULL,11E71389A14C83ABBCDA06616AC582AF,57DCED52A380309B0D40DF5546760179,...
11E71389A280B305A211020AF2129A61,"2017-03-28 00:39:11.672",USD,15000,15000,15000,0,1,1,0,1,2648-1241,NULL,"2016-12-31 10:30:53","2017-01-30 10:30:53",NULL,11E71389A28C6D9CBCDA06616AC582AF,80354A5882DDFFAC4CDF8A1BFF4214EC,...
11E71389BBEF2A84A211020AF2129A61,"2017-03-28 00:39:54.383",USD,14900,14900,49900,0,0,1,1,0,NULL,NULL,"2016-12-31 22:59:59","2017-01-30 22:59:59",NULL,11E71389BC019FCEBCDA06616AC582AF,6AC82C6EED9011DBA3EBD8B2D43B2CE6,...
11E7138A40B7EF47A211020AF2129A61,"2017-03-28 00:43:37.186",USD,14900,14900,14900,0,1,1,0,1,2735-6042,NULL,"2017-01-05 22:59:59","2017-02-05 22:59:59",NULL,11E7138A40CEABCABCDA06616AC582AF,BCF99DE85826A425142E3832F796608E,...
11E7138F377959A2A211020AF2129A61,"2017-03-28 01:19:09.385",USD,64900,64900,64900,0,1,1,0,1,2198-6301,NULL,"2017-01-27 17:41:12","2017-02-26 17:41:12",NULL,11E7138F37B26C0CBCDA06616AC582AF,1FA5C06AB274266BFEC8C8FCE740C1E0,...
11E7138F40E72357A211020AF2129A61,"2017-03-28 01:19:26.329",USD,15000,15000,15000,0,1,1,0,1,2579-4572,NULL,"2017-01-27 10:48:15","2017-02-27 10:48:15",NULL,11E7138F41CBCF63BCDA06616AC582AF,E2CE50E195213B1B45A47FBF74D7AFF9,...
11E7138F899035A1A211020AF2129A61,"2017-03-28 01:21:26.811",USD,60000,60000,60000,0,0,1,1,0,NULL,NULL,"2017-01-30 06:45:58","2017-02-28 06:45:58",NULL,11E7138F899BF69BBCDA06616AC582AF,867DCD4C03DB2275B018FEE1F6DAE091,...
11E7138FD6433800A211020AF2129A61,"2017-03-28 01:23:35.476",USD,15000,15000,15000,0,0,1,1,0,NULL,NULL,"2017-01-29 22:59:59","2017-02-28 22:59:59",NULL,11E7138FD64CBF10BCDA06616AC582AF,57ECC46D2241270287058DFF2AC0E461,...
11E7138FDF43E8DCA211020AF2129A61,"2017-03-28 01:23:52.890",USD,15000,15000,15000,0,1,1,0,1,2923-8584,NULL,"2017-01-30 10:30:53","2017-03-01 10:30:53",NULL,11E7138FE0ADC96FBCDA06616AC582AF,D3E279A87D6DD324CA5AA0C7E7FD8452,...
11E713901E79DAB6A211020AF2129A61,"2017-03-28 01:25:36.795",USD,14900,14900,49900,0,0,1,1,0,NULL,NULL,"2017-01-30 22:59:59","2017-03-01 22:59:59",NULL,11E713901E9C7BC3BCDA06616AC582AF,BAC3A1E1D264260A7BF56D94EFDDFFBC,...
11E71391331A3318A211020AF2129A61,"2017-03-28 01:33:21.112",USD,14900,14900,14900,0,1,1,0,1,2887-0529,NULL,"2017-02-05 22:59:59","2017-03-05 22:59:59",NULL,11E71391335DA994BCDA06616AC582AF,C6B9BF72F544B0793D62F63E845FFF2A,...
11E713A7333AFF74A211020AF2129A61,"2017-03-28 04:10:50.779",USD,66700,66700,66700,0,1,1,0,0,2913-3779,NULL,"2017-02-28 06:45:58","2017-03-23 15:09:52",NULL,11E713A733CE5DABBCDA06616AC582AF,B5A77AE616DAD890D14BECC0C997BBB8,...
11E713B3932998CCA211020AF2129A61,"2017-03-28 05:39:52.765",USD,15000,15000,15000,0,1,1,0,1,2805-4230,NULL,"2017-02-27 10:48:15","2017-03-27 11:48:15",NULL,11E713B3A3E0B8A3BCDA06616AC582AF,8763C0CCA13C8786E9AA49152C6471FC,...
